district,tehsil,season,N,P,K,temperature,humidity,ph,rainfall,crop
Indore,Hatod,Kharif,36.03,65.0,36.44,26.54,79.85,6.8,1176.15,Soybean
Indore,Sanwer,Rabi,94.03,65.76,71.03,19.8,44.91,7.09,43.23,Potato
Indore,Indore,Rabi,60.68,72.8,59.67,19.74,51.56,7.7,45.39,Onion
Indore,Sanwer,Kharif,69.12,80.36,69.61,23.87,79.69,7.27,1056.18,Maize (Corn)
Indore,Depalpur,Rabi,24.58,23.35,84.15,21.81,55.01,7.75,20.1,Onion
Indore,Mhow,Kharif,53.66,43.87,65.49,26.87,82.41,7.66,1157.5,Soybean
Indore,Hatod,Kharif,25.88,71.15,44.29,24.29,87.38,7.42,1121.61,Soybean
Indore,Hatod,Kharif,94.35,37.99,63.49,26.62,79.26,7.13,1147.29,Maize (Corn)
Indore,Depalpur,Rabi,53.98,81.58,95.05,20.36,50.22,7.19,35.57,Potato
Indore,Sanwer,Rabi,66.75,28.23,79.87,23.05,50.99,7.57,35.26,Onion
Indore,Depalpur,Kharif,44.64,71.38,31.45,28.49,76.38,7.97,1055.93,Soybean
Indore,Hatod,Rabi,38.6,45.84,57.62,20.6,46.93,6.91,33.82,Potato
Indore,Mhow,Rabi,92.58,83.15,43.62,22.06,50.61,7.11,28.08,Wheat
Indore,Depalpur,Rabi,19.59,63.29,85.11,19.1,48.01,7.68,26.14,Potato
Indore,Mhow,Kharif,17.92,71.96,44.28,28.85,78.59,6.9,1073.44,Soybean
Indore,Depalpur,Rabi,47.49,75.48,33.04,20.73,42.96,7.86,23.49,Gram (Chickpea)
Indore,Indore,Rabi,64.59,67.3,61.05,21.41,53.37,7.5,30.83,Potato
Indore,Mhow,Rabi,99.12,66.88,65.34,21.31,47.84,6.99,33.34,Onion
Indore,Mhow,Kharif,18.94,52.39,64.88,26.56,80.55,7.98,1136.67,Soybean
Indore,Depalpur,Rabi,74.01,57.87,58.95,21.55,49.74,6.89,32.72,Potato
Indore,Sanwer,Kharif,55.95,72.83,50.58,27.16,78.53,6.97,1101.15,Soybean
Indore,Mhow,Rabi,18.54,40.51,81.16,20.87,50.71,7.2,39.18,Gram (Chickpea)
Indore,Sanwer,Rabi,36.98,84.68,33.1,19.72,49.18,7.58,41.27,Gram (Chickpea)
Indore,Hatod,Rabi,96.83,67.55,73.47,20.32,49.05,7.92,30.97,Wheat
Indore,Sanwer,Rabi,38.41,72.72,59.25,20.54,47.86,7.1,30.69,Gram (Chickpea)
Indore,Indore,Kharif,31.37,69.03,93.93,26.49,78.92,7.2,1059.23,Soybean
Indore,Depalpur,Rabi,43.65,81.09,63.71,20.24,43.46,6.95,18.41,Potato
Indore,Depalpur,Rabi,47.91,65.04,55.83,18.66,48.2,6.8,31.19,Potato
Indore,Mhow,Rabi,15.0,76.57,60.56,21.64,44.33,7.9,35.27,Gram (Chickpea)
Indore,Hatod,Rabi,15.0,63.24,32.94,20.51,52.0,8.2,19.77,Gram (Chickpea)
Indore,Hatod,Rabi,99.29,60.56,66.69,19.59,44.79,6.83,30.34,Onion
Indore,Sanwer,Rabi,20.17,15.53,69.19,19.69,45.17,6.92,37.44,Onion
Indore,Indore,Rabi,109.71,61.31,70.86,22.86,49.27,6.9,44.54,Potato
Indore,Indore,Rabi,41.13,59.46,33.8,22.04,44.84,7.1,43.66,Gram (Chickpea)
Indore,Hatod,Kharif,99.61,80.91,39.52,25.0,84.0,7.04,1151.58,Maize (Corn)
Indore,Indore,Rabi,91.9,34.47,89.62,19.08,42.01,7.07,33.69,Onion
Indore,Mhow,Kharif,91.2,32.35,75.55,26.65,81.04,7.9,1090.77,Maize (Corn)
Indore,Hatod,Kharif,106.89,78.89,60.35,28.64,75.74,7.48,1094.34,Maize (Corn)
Indore,Hatod,Kharif,57.36,53.42,57.18,25.56,78.46,7.25,1079.5,Soybean
Indore,Depalpur,Kharif,95.92,78.38,35.81,25.72,77.8,6.85,1203.08,Maize (Corn)
Indore,Depalpur,Rabi,64.38,58.51,61.5,20.87,43.23,7.06,27.98,Potato
Indore,Indore,Rabi,18.36,34.71,99.72,21.26,50.79,7.35,22.02,Onion
Indore,Depalpur,Rabi,49.3,73.82,64.55,20.75,43.23,7.4,35.59,Gram (Chickpea)
Indore,Sanwer,Rabi,32.6,53.97,65.21,20.97,42.9,7.04,25.15,Potato
Indore,Mhow,Rabi,91.11,65.89,73.67,21.28,46.14,7.7,26.53,Onion
Indore,Hatod,Kharif,76.24,52.38,26.05,25.84,80.64,7.75,1111.68,Maize (Corn)
Indore,Indore,Rabi,37.51,41.29,26.78,20.05,56.97,7.42,29.44,Gram (Chickpea)
Indore,Indore,Rabi,80.26,78.24,66.95,21.09,49.88,7.92,25.98,Wheat
Indore,Depalpur,Rabi,32.93,65.55,50.36,20.86,50.08,7.04,30.72,Potato
Indore,Indore,Rabi,66.7,21.3,89.35,20.83,51.22,7.02,41.71,Onion
Indore,Mhow,Rabi,105.34,36.46,89.09,20.74,58.83,8.04,37.29,Wheat
Indore,Indore,Rabi,38.07,24.24,89.99,22.84,39.04,7.6,35.04,Onion
Indore,Depalpur,Kharif,43.55,82.16,78.84,26.5,76.26,7.41,1146.38,Soybean
Indore,Depalpur,Rabi,38.18,53.0,73.1,22.08,50.65,7.85,22.28,Gram (Chickpea)
Indore,Sanwer,Rabi,86.11,36.58,80.96,20.47,47.06,7.0,24.07,Wheat
Indore,Depalpur,Rabi,48.95,74.79,54.01,19.89,51.18,7.01,28.27,Onion
Indore,Mhow,Rabi,102.19,70.26,41.38,20.57,49.9,7.49,31.58,Wheat
Indore,Indore,Kharif,49.63,49.77,39.05,27.04,80.79,7.62,1046.57,Soybean
Indore,Sanwer,Rabi,90.53,50.47,49.35,20.33,50.18,7.57,43.78,Wheat
Indore,Indore,Kharif,45.19,61.47,68.39,26.21,79.98,6.89,1100.71,Soybean
Indore,Sanwer,Rabi,72.81,51.09,65.07,20.04,44.39,7.16,32.17,Onion
Indore,Sanwer,Rabi,77.66,74.31,88.52,20.88,50.15,7.07,35.25,Potato
Indore,Indore,Kharif,45.51,40.69,54.24,28.31,77.31,7.1,1109.53,Maize (Corn)
Indore,Hatod,Kharif,76.05,35.43,53.38,24.91,80.89,7.62,1120.6,Maize (Corn)
Indore,Mhow,Rabi,41.0,21.81,79.38,20.91,48.81,6.88,23.19,Onion
Indore,Depalpur,Rabi,48.67,70.83,56.3,20.73,47.28,7.77,30.07,Onion
Indore,Sanwer,Kharif,73.44,27.59,94.23,25.86,81.01,7.28,1122.2,Maize (Corn)
Indore,Hatod,Rabi,54.98,73.83,98.57,18.83,49.9,7.52,28.09,Potato
Indore,Sanwer,Rabi,79.69,68.62,71.53,19.36,49.41,7.25,26.47,Potato
Indore,Hatod,Rabi,31.24,74.64,83.74,22.05,44.55,7.22,37.18,Onion
Indore,Indore,Rabi,54.94,54.33,63.2,20.53,47.26,6.89,37.45,Potato
Indore,Hatod,Kharif,52.43,66.34,41.72,26.77,77.41,7.95,1069.95,Soybean
Indore,Hatod,Kharif,46.01,43.08,30.11,25.68,80.9,7.98,1078.61,Soybean
Indore,Mhow,Kharif,49.84,33.99,96.18,27.19,76.14,6.88,1142.22,Maize (Corn)
Indore,Depalpur,Kharif,65.89,28.92,95.92,25.6,77.54,7.79,1113.98,Maize (Corn)
Indore,Indore,Rabi,33.57,58.67,61.67,21.08,41.92,7.61,38.03,Gram (Chickpea)
Indore,Depalpur,Kharif,45.3,47.25,90.88,28.08,76.45,7.04,1161.08,Soybean
Indore,Hatod,Rabi,67.22,66.77,90.4,21.6,44.46,6.9,21.96,Onion
Indore,Indore,Kharif,52.23,37.01,100.0,24.88,79.26,7.36,1158.19,Maize (Corn)
Indore,Mhow,Rabi,35.8,50.25,57.05,20.55,50.25,8.11,35.43,Gram (Chickpea)
Indore,Indore,Rabi,76.25,26.54,53.32,20.87,51.87,7.4,29.21,Onion
Indore,Hatod,Rabi,24.49,48.51,92.73,21.96,45.43,7.79,36.16,Potato
Indore,Hatod,Kharif,60.04,48.64,20.72,24.95,76.22,6.82,1165.86,Maize (Corn)
Indore,Depalpur,Kharif,58.16,78.2,51.07,27.16,81.5,7.2,1112.59,Soybean
Indore,Mhow,Kharif,22.54,77.75,28.46,26.44,77.31,7.93,1104.66,Soybean
Indore,Indore,Kharif,43.98,64.84,46.27,27.42,79.27,7.64,1117.73,Soybean
Indore,Hatod,Rabi,24.87,64.71,25.78,22.59,49.03,8.05,23.94,Gram (Chickpea)
Indore,Indore,Rabi,67.89,52.46,38.76,21.27,49.49,7.24,20.24,Wheat
Indore,Depalpur,Rabi,25.52,76.7,93.99,19.17,49.08,7.09,36.25,Onion
Indore,Sanwer,Rabi,66.22,27.35,70.79,20.15,48.42,7.31,39.39,Onion
Indore,Hatod,Kharif,34.29,46.95,41.28,26.75,76.78,7.88,1074.55,Soybean
Indore,Hatod,Rabi,29.93,59.7,73.42,22.33,45.48,7.81,21.44,Onion
Indore,Mhow,Rabi,100.11,41.76,88.22,19.37,46.8,7.05,36.65,Onion
Indore,Indore,Rabi,31.99,71.06,42.26,22.24,50.39,7.63,25.31,Gram (Chickpea)
Indore,Mhow,Kharif,50.61,53.59,46.11,24.84,78.54,6.8,1154.16,Soybean
Indore,Indore,Kharif,89.91,73.88,46.85,25.06,77.38,7.03,1124.83,Maize (Corn)
Indore,Mhow,Rabi,45.18,80.52,70.15,20.61,41.04,7.11,30.53,Gram (Chickpea)
Indore,Mhow,Rabi,44.28,52.91,46.48,20.91,50.46,8.05,28.08,Gram (Chickpea)
Indore,Depalpur,Rabi,31.95,40.28,48.93,19.83,49.82,7.42,34.61,Gram (Chickpea)
Indore,Hatod,Rabi,105.84,32.06,64.71,23.05,45.76,7.49,34.81,Onion
Indore,Indore,Rabi,58.53,64.38,88.48,20.55,48.65,7.21,29.71,Onion
Indore,Sanwer,Kharif,102.44,23.73,25.94,24.97,76.92,7.33,1020.57,Maize (Corn)
Indore,Depalpur,Rabi,96.37,82.97,24.29,21.58,54.71,8.04,36.68,Wheat
Indore,Hatod,Kharif,56.54,73.87,98.8,27.44,80.77,6.85,1047.51,Soybean
Indore,Depalpur,Rabi,98.41,67.78,83.14,21.94,47.74,7.47,42.44,Wheat
Indore,Indore,Rabi,57.98,64.57,98.54,20.27,50.11,7.98,46.94,Wheat
Indore,Mhow,Rabi,37.53,55.68,30.91,20.22,50.11,8.0,27.46,Gram (Chickpea)
Indore,Hatod,Rabi,106.79,75.54,47.7,19.64,45.55,7.94,14.03,Wheat
Indore,Sanwer,Rabi,36.38,85.0,26.85,20.8,50.39,7.54,27.46,Gram (Chickpea)
Indore,Depalpur,Kharif,47.37,52.31,92.84,26.23,76.03,7.8,1154.18,Soybean
Indore,Sanwer,Rabi,54.2,47.84,80.43,21.2,42.09,7.18,28.79,Potato
Indore,Hatod,Rabi,86.79,64.57,94.65,22.91,45.15,6.86,41.88,Potato
Indore,Hatod,Kharif,100.52,68.11,37.19,26.28,78.77,7.37,1060.61,Maize (Corn)
Indore,Hatod,Rabi,81.31,71.12,83.82,20.21,49.58,7.25,23.76,Potato
Indore,Mhow,Rabi,41.95,79.85,32.68,21.64,50.17,7.48,36.96,Gram (Chickpea)
Indore,Indore,Rabi,79.26,32.6,96.59,21.1,49.68,7.15,39.5,Onion
Indore,Depalpur,Rabi,43.59,56.94,98.96,20.11,46.08,8.11,20.01,Gram (Chickpea)
Indore,Mhow,Rabi,85.63,54.33,51.78,20.55,45.4,7.06,35.4,Potato
Indore,Hatod,Kharif,67.02,23.89,26.8,25.26,76.33,7.75,1118.66,Maize (Corn)
Indore,Sanwer,Rabi,92.07,41.3,88.15,18.62,50.06,7.37,18.08,Wheat
Indore,Depalpur,Rabi,28.11,85.0,53.47,21.53,47.05,7.53,24.77,Potato
Indore,Sanwer,Rabi,73.25,80.93,51.94,22.51,44.55,7.0,14.99,Potato
Indore,Mhow,Rabi,61.48,77.84,95.38,23.14,49.71,7.17,32.68,Potato
Indore,Mhow,Kharif,60.81,37.29,74.34,26.65,80.69,6.94,1186.88,Maize (Corn)
Indore,Hatod,Kharif,87.85,44.62,68.57,27.65,76.04,7.85,1080.21,Maize (Corn)
Indore,Hatod,Rabi,16.62,54.82,25.74,19.86,48.67,7.81,32.07,Gram (Chickpea)
Indore,Mhow,Rabi,28.03,58.13,62.56,21.4,51.69,8.12,26.82,Gram (Chickpea)
Indore,Hatod,Rabi,92.51,69.45,38.7,19.33,48.68,7.2,34.28,Wheat
Indore,Mhow,Rabi,61.69,82.44,49.55,20.37,49.76,7.87,12.45,Wheat
Indore,Mhow,Rabi,18.44,40.05,22.69,23.08,49.66,8.15,41.65,Gram (Chickpea)
Indore,Indore,Rabi,58.54,78.9,64.28,21.09,51.55,7.73,39.87,Wheat
Indore,Mhow,Rabi,34.73,44.76,90.55,21.05,52.02,7.93,23.56,Gram (Chickpea)
Indore,Indore,Rabi,25.28,18.73,76.24,19.69,49.11,6.93,24.66,Onion
Indore,Indore,Rabi,109.72,75.33,58.84,21.8,45.73,6.9,35.14,Potato
Indore,Mhow,Rabi,56.66,65.56,52.82,21.42,46.16,7.94,36.74,Wheat
Indore,Mhow,Rabi,59.11,45.16,54.97,22.15,45.92,6.93,31.4,Onion
Indore,Sanwer,Rabi,20.2,71.63,78.33,21.01,49.7,7.07,42.99,Potato
Indore,Sanwer,Kharif,43.72,53.31,30.49,25.73,80.23,6.81,1140.52,Soybean
Indore,Indore,Kharif,29.19,61.36,54.98,27.09,77.57,7.5,1162.81,Soybean
Indore,Mhow,Rabi,38.39,74.41,57.74,22.43,49.71,7.9,30.06,Onion
Indore,Depalpur,Rabi,95.95,50.08,81.42,20.42,47.93,7.21,24.24,Potato
Indore,Depalpur,Kharif,93.77,45.72,66.16,26.41,81.98,7.01,1119.73,Maize (Corn)
Indore,Mhow,Rabi,15.0,78.23,75.13,21.51,50.85,7.05,30.92,Potato
Indore,Mhow,Kharif,23.93,57.68,88.73,28.29,75.12,7.58,1178.04,Soybean
Indore,Sanwer,Rabi,95.71,48.92,44.98,20.55,48.5,7.02,31.52,Wheat
Indore,Mhow,Rabi,28.5,52.62,42.22,22.03,49.23,7.15,32.04,Gram (Chickpea)
Indore,Depalpur,Kharif,27.17,71.35,88.52,27.6,84.8,7.37,1120.61,Soybean
Indore,Hatod,Rabi,77.34,67.34,75.8,19.5,42.84,7.42,39.13,Onion
Indore,Mhow,Rabi,60.3,66.9,86.58,19.34,45.16,7.13,43.36,Onion
Indore,Sanwer,Rabi,68.55,52.54,92.72,20.49,43.75,7.07,29.6,Wheat
Indore,Sanwer,Rabi,29.98,76.72,54.87,22.47,45.7,7.24,26.22,Gram (Chickpea)
Indore,Mhow,Kharif,49.13,42.95,51.73,27.55,73.14,7.93,1106.01,Soybean
Indore,Hatod,Kharif,53.18,54.66,82.24,27.05,84.91,7.36,1168.43,Soybean
Indore,Mhow,Rabi,48.95,76.04,66.75,21.2,46.07,7.4,29.01,Potato
Indore,Sanwer,Kharif,17.27,61.25,54.16,26.42,80.26,7.76,1094.23,Soybean
Indore,Mhow,Rabi,94.19,70.69,54.79,21.88,44.55,7.78,32.95,Potato
Indore,Depalpur,Rabi,86.6,79.14,25.7,20.2,44.62,7.77,33.61,Wheat
Indore,Depalpur,Rabi,79.29,35.34,74.23,19.66,47.51,7.6,44.06,Wheat
Indore,Sanwer,Rabi,53.43,80.94,93.6,21.01,50.05,7.11,29.64,Onion
Indore,Mhow,Rabi,83.64,51.44,32.04,22.13,45.93,7.98,38.84,Wheat
Indore,Indore,Kharif,93.6,15.0,86.79,27.15,77.59,7.64,1115.31,Maize (Corn)
Indore,Indore,Kharif,106.43,37.73,65.8,27.98,72.2,7.16,1084.08,Maize (Corn)
Indore,Indore,Rabi,85.9,83.15,73.44,21.18,49.37,8.11,42.95,Wheat
Indore,Sanwer,Rabi,106.52,78.18,95.86,21.16,44.15,7.07,31.83,Potato
Indore,Hatod,Rabi,70.87,68.44,32.39,19.55,51.1,7.22,31.13,Wheat
Indore,Indore,Rabi,76.27,52.93,68.11,22.74,47.04,7.97,52.35,Wheat
Indore,Indore,Rabi,15.29,82.2,57.31,21.34,48.23,7.18,26.2,Potato
Indore,Indore,Rabi,20.8,69.41,74.76,19.84,44.11,7.57,26.06,Onion
Indore,Indore,Kharif,15.0,73.86,49.79,27.44,76.84,7.14,1090.51,Soybean
Indore,Depalpur,Rabi,59.96,54.17,38.04,21.14,47.98,7.09,35.2,Wheat
Indore,Depalpur,Rabi,22.45,43.72,77.56,22.65,45.69,6.81,27.65,Onion
Indore,Hatod,Rabi,92.28,65.07,85.93,18.99,48.16,8.18,39.9,Wheat
Indore,Sanwer,Rabi,74.41,65.66,69.43,18.28,45.89,8.13,32.17,Wheat
Indore,Hatod,Rabi,107.05,82.01,86.82,21.58,42.79,8.2,32.65,Wheat
Indore,Mhow,Rabi,73.84,64.34,25.13,21.06,51.56,7.45,44.78,Wheat
Indore,Mhow,Rabi,96.32,64.14,70.79,20.41,46.38,7.65,38.52,Onion
Indore,Indore,Rabi,85.5,49.13,93.06,20.57,51.51,6.84,13.96,Potato
Indore,Mhow,Kharif,85.32,55.55,33.82,28.6,76.66,7.38,1173.87,Maize (Corn)
Indore,Indore,Rabi,40.21,24.41,74.27,22.89,54.06,7.72,29.91,Onion
Indore,Sanwer,Rabi,46.43,78.84,86.34,21.0,46.84,7.24,28.96,Potato
Indore,Depalpur,Kharif,106.94,59.83,83.34,25.2,82.01,7.82,1048.9,Maize (Corn)
Indore,Indore,Rabi,66.57,71.74,100.0,20.46,50.5,7.59,34.97,Onion
Indore,Mhow,Rabi,56.48,61.07,22.22,22.7,53.76,7.97,36.38,Wheat
Indore,Indore,Rabi,60.43,61.93,90.31,21.09,45.59,8.08,27.45,Wheat
Indore,Mhow,Rabi,35.72,43.89,81.55,19.06,50.29,7.11,36.32,Gram (Chickpea)
Indore,Hatod,Rabi,92.25,44.38,84.66,19.9,51.07,7.97,40.35,Wheat
Indore,Sanwer,Rabi,94.56,69.45,76.33,21.15,49.34,7.25,42.84,Onion
Indore,Depalpur,Rabi,20.14,83.05,64.58,21.2,48.35,7.74,28.77,Onion
Indore,Hatod,Kharif,24.24,60.85,91.29,26.43,76.9,6.92,1122.85,Soybean
Indore,Sanwer,Rabi,25.85,58.71,99.52,21.13,51.01,7.9,28.74,Gram (Chickpea)
Indore,Hatod,Rabi,15.0,64.93,83.01,22.07,51.41,6.98,19.4,Potato
Indore,Indore,Kharif,19.5,85.0,38.93,27.06,78.07,7.31,1148.19,Soybean
Indore,Mhow,Rabi,25.38,81.0,58.75,24.41,46.48,7.83,17.31,Gram (Chickpea)
Indore,Hatod,Rabi,28.59,63.36,75.53,20.46,47.33,7.62,35.97,Potato
Indore,Hatod,Kharif,36.17,78.82,81.84,26.59,79.26,7.24,1130.07,Soybean
Indore,Indore,Rabi,29.62,36.88,55.4,19.93,50.74,6.8,41.42,Onion
Indore,Mhow,Rabi,71.1,79.04,51.58,20.28,47.32,7.85,22.53,Onion
Indore,Indore,Kharif,59.08,72.68,59.98,26.95,81.74,7.47,1099.8,Soybean
Indore,Hatod,Rabi,62.56,17.15,76.05,21.15,47.62,7.14,43.38,Onion
Indore,Hatod,Rabi,97.52,43.8,36.76,20.07,47.38,7.19,37.53,Wheat
Indore,Indore,Rabi,61.3,19.97,68.89,19.14,56.03,7.87,28.14,Onion
Indore,Hatod,Rabi,73.0,49.23,70.07,19.93,54.28,7.27,18.25,Wheat
Indore,Depalpur,Kharif,19.57,67.84,49.28,26.45,82.35,6.8,1041.28,Soybean
Indore,Hatod,Rabi,29.53,63.49,31.14,21.6,55.33,7.41,23.78,Gram (Chickpea)
Indore,Indore,Rabi,57.39,45.96,60.46,22.44,53.97,8.08,29.23,Wheat
Indore,Hatod,Rabi,108.06,47.13,90.19,20.05,46.44,8.15,32.41,Wheat
Indore,Depalpur,Kharif,54.02,38.16,49.43,26.39,82.36,7.42,1087.49,Maize (Corn)
Indore,Depalpur,Kharif,105.11,15.13,96.35,26.82,80.81,7.37,1070.05,Maize (Corn)
Indore,Indore,Rabi,19.02,44.82,79.92,20.85,52.14,7.6,10.0,Onion
Indore,Sanwer,Rabi,18.14,51.27,76.06,20.32,48.42,7.8,26.57,Potato
Indore,Mhow,Rabi,28.64,72.32,23.07,21.02,49.14,7.21,41.53,Gram (Chickpea)
Indore,Indore,Kharif,47.41,74.59,80.85,27.08,76.37,7.42,1168.93,Soybean
Indore,Mhow,Rabi,57.64,54.39,69.87,19.93,49.78,7.32,23.56,Wheat
Indore,Hatod,Rabi,105.33,57.19,75.02,20.48,45.87,7.18,17.19,Potato
Indore,Indore,Rabi,18.55,23.37,94.04,22.53,47.57,7.59,32.03,Onion
Indore,Depalpur,Kharif,106.17,25.73,75.91,27.05,74.58,7.46,1157.06,Maize (Corn)
Indore,Depalpur,Kharif,57.78,52.81,92.85,27.76,76.25,7.74,1146.95,Soybean
Indore,Sanwer,Rabi,82.01,50.37,65.51,20.0,52.43,7.15,40.26,Wheat
Indore,Hatod,Rabi,49.51,43.35,44.57,19.39,51.56,7.3,30.26,Gram (Chickpea)
Indore,Mhow,Kharif,32.73,62.57,86.62,25.62,80.5,7.1,1095.14,Soybean
Indore,Mhow,Rabi,46.14,59.09,66.63,21.4,45.23,7.46,37.96,Potato
Indore,Indore,Rabi,81.95,39.58,31.3,22.45,44.89,7.78,40.6,Wheat
Indore,Sanwer,Rabi,77.14,77.87,39.36,20.26,49.45,7.71,29.75,Wheat
Indore,Sanwer,Rabi,37.24,64.53,93.91,21.75,50.32,6.97,30.44,Potato
Indore,Indore,Kharif,105.64,35.49,44.51,27.87,81.32,7.72,1117.32,Maize (Corn)
Indore,Mhow,Rabi,79.01,46.54,59.54,21.07,50.51,7.98,28.31,Onion
Indore,Depalpur,Kharif,58.51,79.47,70.49,28.09,74.62,7.15,1032.98,Maize (Corn)
Indore,Hatod,Kharif,39.28,60.16,37.13,25.8,74.73,7.99,1068.29,Soybean
Indore,Depalpur,Rabi,43.54,81.87,48.48,20.22,42.69,7.98,42.83,Gram (Chickpea)
Indore,Mhow,Rabi,23.76,80.41,26.84,20.12,49.42,7.61,24.32,Gram (Chickpea)
Indore,Depalpur,Rabi,67.34,44.15,85.63,22.58,46.89,6.88,36.16,Onion
Indore,Hatod,Rabi,22.85,48.34,35.73,21.53,48.19,7.41,41.7,Gram (Chickpea)
Indore,Depalpur,Rabi,26.38,72.06,35.06,21.46,54.84,8.06,23.29,Gram (Chickpea)
Indore,Indore,Kharif,40.3,60.17,70.42,25.13,83.88,7.2,1204.7,Soybean
Indore,Hatod,Rabi,55.89,39.01,73.16,19.79,45.9,7.53,24.57,Wheat
Indore,Depalpur,Rabi,34.73,35.22,27.58,20.29,47.3,8.12,30.07,Gram (Chickpea)
Indore,Mhow,Rabi,36.74,35.93,51.14,19.76,41.92,8.13,28.71,Gram (Chickpea)
Indore,Indore,Rabi,58.26,43.37,40.09,19.75,47.16,7.91,29.65,Wheat
Indore,Hatod,Kharif,34.17,73.88,70.6,27.17,80.84,7.43,1045.64,Soybean
Indore,Mhow,Rabi,85.89,77.06,59.53,20.53,45.36,7.54,37.26,Potato
Indore,Hatod,Rabi,58.29,84.22,42.82,21.42,45.36,7.32,43.6,Wheat
Indore,Hatod,Rabi,58.19,47.59,64.5,21.71,38.4,7.38,29.46,Potato
Indore,Indore,Kharif,35.31,83.24,47.58,25.29,78.23,7.27,1116.92,Soybean
Indore,Indore,Kharif,29.44,66.06,23.81,28.56,78.81,6.88,1103.92,Soybean
Indore,Mhow,Rabi,63.41,57.46,62.38,21.71,48.59,7.94,25.05,Onion
Indore,Depalpur,Rabi,102.91,15.0,91.72,17.98,44.37,7.03,41.15,Onion
Indore,Hatod,Rabi,20.81,52.05,39.91,19.55,51.95,8.0,34.62,Gram (Chickpea)
Indore,Indore,Rabi,102.27,49.15,44.47,20.42,51.44,7.85,47.72,Wheat
Indore,Indore,Rabi,63.54,49.43,78.24,20.94,46.29,8.07,38.26,Wheat
Indore,Sanwer,Rabi,59.83,49.79,26.67,20.5,47.81,8.04,31.37,Wheat
Indore,Hatod,Rabi,105.17,36.34,73.93,19.62,47.2,7.71,28.08,Onion
Indore,Mhow,Rabi,29.79,58.67,65.2,21.18,50.62,7.93,32.86,Onion
Indore,Hatod,Rabi,27.64,70.26,49.5,17.85,48.76,8.2,40.07,Gram (Chickpea)
Indore,Sanwer,Kharif,66.52,57.77,79.61,28.43,76.84,7.38,1097.7,Maize (Corn)
Indore,Sanwer,Rabi,18.31,42.75,39.45,19.08,48.76,7.42,35.41,Gram (Chickpea)
Indore,Indore,Rabi,65.26,53.6,66.31,20.18,49.75,7.57,58.17,Wheat
Indore,Hatod,Kharif,87.56,41.41,50.63,26.13,73.69,7.77,1059.23,Maize (Corn)
Indore,Indore,Kharif,99.85,43.69,27.22,26.62,78.05,7.68,1146.42,Maize (Corn)
Indore,Sanwer,Kharif,51.9,58.87,62.58,25.63,79.03,7.75,1107.96,Soybean
Indore,Indore,Rabi,24.56,73.16,47.62,23.44,40.43,7.38,43.26,Gram (Chickpea)
Indore,Mhow,Kharif,53.43,46.16,40.13,27.17,79.98,7.23,1128.07,Soybean
Indore,Indore,Kharif,77.87,74.78,52.8,25.49,76.45,6.98,1071.81,Maize (Corn)
Indore,Indore,Kharif,100.95,18.49,92.99,28.1,74.94,7.56,1195.83,Maize (Corn)
Indore,Indore,Rabi,55.74,67.7,71.23,22.53,46.69,7.79,38.31,Potato
Indore,Sanwer,Rabi,48.76,78.7,65.76,20.54,50.18,7.24,34.38,Potato
Indore,Depalpur,Rabi,56.17,47.36,93.47,21.02,50.57,7.88,31.0,Wheat
Indore,Indore,Kharif,97.46,65.44,44.76,25.91,77.73,7.04,1227.93,Maize (Corn)
Indore,Indore,Kharif,68.91,62.67,45.85,26.55,76.8,7.54,1216.07,Maize (Corn)
Indore,Sanwer,Rabi,41.42,44.94,62.0,19.3,52.43,7.67,11.45,Onion
Indore,Sanwer,Kharif,26.27,63.06,25.73,26.07,76.05,7.59,1094.64,Soybean
Indore,Mhow,Rabi,72.25,55.26,59.07,19.76,42.65,7.08,10.0,Wheat
Indore,Sanwer,Kharif,88.07,82.5,89.96,25.5,76.89,7.8,1084.63,Maize (Corn)
Indore,Indore,Rabi,35.47,60.19,55.07,21.45,50.22,7.54,43.46,Gram (Chickpea)
Indore,Mhow,Rabi,15.63,67.24,52.54,23.1,46.52,7.04,30.08,Potato
Indore,Indore,Rabi,87.38,56.97,92.72,22.39,52.89,7.67,44.34,Wheat
Indore,Hatod,Kharif,18.42,67.05,37.8,23.0,84.0,7.46,1134.64,Soybean
Indore,Indore,Rabi,29.57,85.0,92.02,21.22,44.03,7.57,21.9,Potato
Indore,Hatod,Rabi,89.55,47.01,50.59,20.03,47.09,7.87,38.74,Wheat
Indore,Depalpur,Kharif,42.64,85.0,40.45,26.43,79.01,6.97,1145.54,Soybean
Indore,Sanwer,Rabi,23.2,71.21,29.03,18.63,43.16,8.09,25.04,Gram (Chickpea)
Indore,Hatod,Kharif,23.81,83.21,22.18,24.47,79.23,7.76,1105.13,Soybean
Indore,Indore,Rabi,81.11,78.4,78.41,22.24,49.81,6.8,22.4,Potato
Indore,Hatod,Kharif,33.81,49.4,89.08,28.3,77.37,7.12,1127.86,Soybean
Indore,Indore,Kharif,86.93,73.78,77.33,25.68,80.82,6.88,1146.72,Maize (Corn)
Indore,Hatod,Kharif,19.98,41.46,21.93,25.71,78.34,7.9,1142.91,Soybean
Indore,Sanwer,Rabi,38.52,82.77,93.66,21.08,50.37,7.59,38.24,Onion
Indore,Mhow,Rabi,43.3,43.36,89.88,20.96,46.16,6.91,26.66,Onion
Indore,Depalpur,Kharif,20.78,40.38,60.71,25.34,76.99,7.39,1071.78,Soybean
Indore,Indore,Kharif,92.19,45.19,63.81,28.12,75.03,6.8,1164.7,Maize (Corn)
Indore,Hatod,Rabi,28.26,39.65,86.21,20.06,47.35,7.09,28.11,Gram (Chickpea)
Indore,Hatod,Kharif,103.58,39.25,60.65,26.87,82.8,7.79,1101.77,Maize (Corn)
Indore,Indore,Rabi,67.36,54.65,26.2,21.69,48.63,8.04,36.04,Wheat
Indore,Depalpur,Rabi,86.81,24.13,80.71,20.29,53.64,7.71,43.96,Onion
Indore,Mhow,Rabi,80.72,64.31,91.0,23.5,48.66,7.72,27.57,Potato
Indore,Sanwer,Rabi,33.46,58.9,87.33,21.04,51.43,8.14,28.47,Gram (Chickpea)
Indore,Depalpur,Rabi,99.91,20.63,59.78,19.19,45.35,7.14,23.34,Onion
Indore,Sanwer,Rabi,63.71,33.2,55.47,20.53,46.73,7.85,37.11,Onion
Indore,Hatod,Kharif,38.72,80.01,43.29,27.34,84.08,6.96,1090.76,Soybean
Indore,Hatod,Rabi,85.51,49.71,98.55,20.25,48.89,7.06,36.79,Potato
Indore,Mhow,Kharif,31.62,49.86,94.19,26.14,75.52,7.75,1112.92,Soybean
Indore,Indore,Kharif,55.07,53.69,59.42,26.62,76.5,7.9,1129.45,Maize (Corn)
Indore,Sanwer,Rabi,15.0,83.94,82.42,21.83,50.72,7.11,47.15,Onion
Indore,Hatod,Rabi,73.98,47.05,71.25,21.27,55.22,7.26,39.28,Potato
Indore,Indore,Rabi,80.78,39.09,89.97,22.68,50.16,7.27,32.05,Wheat
Indore,Indore,Kharif,50.7,77.21,96.75,25.69,82.98,7.44,1133.69,Maize (Corn)
Indore,Mhow,Rabi,98.82,56.34,70.21,19.79,48.55,7.18,23.51,Wheat
Indore,Indore,Rabi,97.45,85.0,80.37,23.11,47.58,7.71,17.12,Potato
Indore,Sanwer,Rabi,15.0,40.67,89.2,19.66,49.12,7.87,26.66,Gram (Chickpea)
Indore,Indore,Rabi,47.16,69.94,81.86,20.85,46.98,6.98,38.85,Potato
Indore,Mhow,Rabi,26.39,69.91,31.19,19.21,49.91,7.63,37.61,Gram (Chickpea)
Indore,Depalpur,Rabi,76.92,20.66,85.42,18.23,46.5,7.12,43.22,Onion
Indore,Indore,Rabi,91.61,50.58,45.17,20.51,48.68,7.76,29.3,Wheat
Indore,Sanwer,Rabi,47.67,67.27,66.37,22.6,51.39,6.89,43.82,Onion
Indore,Sanwer,Kharif,97.27,56.09,69.45,25.85,78.93,7.34,1104.01,Maize (Corn)
Indore,Indore,Kharif,33.63,77.64,83.52,26.4,81.5,6.95,1160.01,Soybean
Indore,Hatod,Kharif,69.35,19.13,94.47,28.83,80.19,6.87,1102.73,Maize (Corn)
Indore,Mhow,Rabi,63.52,83.04,36.09,22.87,42.12,7.78,20.5,Wheat
Indore,Depalpur,Kharif,41.3,44.89,77.34,26.77,79.49,6.88,1055.95,Soybean
Indore,Indore,Kharif,28.52,70.74,92.13,24.67,75.64,7.66,1125.23,Soybean
Indore,Mhow,Rabi,25.15,44.96,81.09,22.02,47.44,7.29,31.32,Gram (Chickpea)
Indore,Depalpur,Kharif,38.19,61.02,45.03,24.97,84.71,7.19,1120.05,Soybean
Indore,Sanwer,Rabi,110.0,47.51,66.03,21.57,46.89,7.96,19.67,Wheat
Indore,Mhow,Kharif,69.99,26.77,27.77,27.01,76.76,7.15,1177.58,Maize (Corn)
Indore,Sanwer,Rabi,102.54,40.94,56.58,19.52,44.14,7.46,30.35,Wheat
Indore,Depalpur,Kharif,51.34,73.4,94.33,25.83,77.27,7.99,1112.09,Soybean
Indore,Indore,Rabi,62.59,52.78,77.35,20.35,47.51,7.13,34.7,Potato
Indore,Depalpur,Kharif,96.79,20.03,74.35,25.31,76.6,6.97,1149.9,Maize (Corn)
Indore,Indore,Rabi,47.13,79.48,81.11,21.34,41.18,6.92,29.71,Potato
Indore,Sanwer,Kharif,51.17,84.48,45.67,26.19,78.91,7.91,1087.05,Soybean
Indore,Sanwer,Kharif,19.4,80.57,91.46,25.65,79.53,7.16,1098.8,Soybean
Indore,Sanwer,Rabi,55.42,74.39,52.23,19.61,48.0,7.51,38.86,Potato
Indore,Depalpur,Rabi,22.51,70.43,29.43,20.47,45.05,7.72,19.19,Gram (Chickpea)
Indore,Mhow,Rabi,71.1,63.23,81.81,21.11,50.48,7.39,38.37,Potato
Indore,Sanwer,Kharif,33.97,74.08,33.46,26.85,74.54,7.11,1096.22,Soybean
Indore,Hatod,Rabi,60.93,79.44,44.98,21.79,43.61,8.13,23.21,Wheat
Indore,Mhow,Rabi,50.83,82.74,57.31,21.92,50.41,7.49,42.98,Potato
Indore,Sanwer,Rabi,75.88,80.74,75.11,21.41,48.64,7.97,40.78,Onion
Indore,Mhow,Rabi,16.51,61.6,95.98,18.31,51.35,6.8,37.77,Onion
Indore,Mhow,Rabi,99.57,32.35,66.83,21.63,48.31,7.44,31.33,Onion
Indore,Indore,Kharif,67.31,38.45,72.52,25.82,78.87,7.13,1143.47,Maize (Corn)
Indore,Depalpur,Rabi,31.01,34.87,72.72,19.2,43.83,6.93,25.47,Onion
Indore,Hatod,Rabi,15.0,51.99,69.29,20.87,43.75,8.04,37.05,Gram (Chickpea)
Indore,Mhow,Kharif,44.45,63.28,50.48,27.68,80.94,7.11,1131.65,Soybean
Indore,Hatod,Rabi,19.05,36.64,67.04,20.05,42.73,7.93,25.08,Gram (Chickpea)
Indore,Hatod,Rabi,87.8,84.57,44.18,19.49,49.13,7.4,38.74,Wheat
Indore,Depalpur,Kharif,43.25,67.33,95.11,27.95,76.58,7.48,1206.39,Soybean
Indore,Hatod,Rabi,61.4,81.2,89.18,22.77,49.15,7.26,30.49,Wheat
Indore,Indore,Rabi,82.08,73.26,96.39,20.53,46.78,7.68,45.15,Wheat
Indore,Hatod,Kharif,93.71,74.06,33.31,23.51,83.36,6.94,1160.14,Maize (Corn)
Indore,Mhow,Rabi,103.79,45.74,88.96,22.17,52.67,7.51,37.36,Wheat
Indore,Mhow,Kharif,104.31,26.42,33.75,25.56,77.17,6.9,1090.16,Maize (Corn)
Indore,Sanwer,Rabi,97.17,38.5,91.63,19.53,50.94,8.08,31.3,Wheat
Indore,Sanwer,Rabi,104.79,31.09,62.42,22.2,47.5,7.72,28.72,Onion
Indore,Mhow,Rabi,102.31,17.21,65.46,23.34,45.3,7.39,32.52,Onion
Indore,Depalpur,Kharif,32.43,61.36,53.51,25.18,84.59,7.82,1089.32,Soybean
Indore,Indore,Rabi,31.77,57.22,33.65,20.97,47.54,7.45,25.37,Gram (Chickpea)
Indore,Sanwer,Kharif,62.3,47.53,34.55,28.06,83.34,7.55,1143.7,Maize (Corn)
Indore,Indore,Rabi,51.33,82.44,64.69,20.26,56.58,7.07,30.53,Potato
Indore,Sanwer,Kharif,89.04,36.69,96.12,24.27,75.53,6.96,1125.07,Maize (Corn)
Indore,Sanwer,Rabi,58.68,48.77,76.95,18.67,46.63,6.91,38.84,Potato
Indore,Hatod,Rabi,39.23,39.3,69.74,20.26,46.55,7.21,33.32,Onion
Indore,Indore,Rabi,78.36,81.53,91.46,20.28,47.24,6.86,15.46,Potato
Indore,Sanwer,Rabi,33.45,46.28,100.0,20.39,47.28,7.76,32.21,Potato
Indore,Hatod,Rabi,71.71,58.74,48.92,21.26,48.41,7.86,23.63,Wheat
Indore,Mhow,Rabi,33.27,64.01,88.8,20.49,46.26,8.2,39.47,Gram (Chickpea)
Indore,Mhow,Rabi,103.05,46.21,92.79,25.16,51.05,6.87,29.74,Potato
Indore,Sanwer,Rabi,63.66,45.76,63.12,19.49,55.08,7.62,38.52,Potato
Indore,Depalpur,Kharif,44.5,80.72,40.01,25.98,82.29,8.0,1050.57,Soybean
Indore,Hatod,Rabi,72.59,40.83,60.66,21.58,46.21,8.1,19.4,Wheat
Indore,Mhow,Rabi,86.46,66.94,68.3,20.13,47.13,7.47,26.04,Potato
Indore,Hatod,Kharif,73.49,67.47,85.38,24.63,76.91,7.77,1092.75,Maize (Corn)
Indore,Indore,Kharif,52.53,49.38,33.91,28.68,84.46,7.54,1132.01,Soybean
Indore,Sanwer,Rabi,87.98,78.41,23.0,21.77,47.4,7.46,15.87,Wheat
Indore,Depalpur,Rabi,44.42,51.19,20.1,20.22,49.71,7.46,35.21,Gram (Chickpea)
Indore,Sanwer,Rabi,98.54,82.64,31.37,19.64,51.22,7.34,19.09,Wheat
Indore,Depalpur,Rabi,104.19,64.82,61.39,20.2,48.96,6.88,26.99,Potato
Indore,Sanwer,Rabi,89.43,47.48,53.29,20.51,48.53,7.22,23.44,Potato
Indore,Mhow,Rabi,100.6,70.56,74.47,21.25,48.16,6.86,36.3,Potato
Indore,Hatod,Rabi,31.88,70.1,95.21,22.23,46.57,7.74,21.58,Potato
Indore,Mhow,Rabi,34.46,74.86,40.28,19.67,50.77,7.14,27.86,Gram (Chickpea)
Indore,Indore,Rabi,92.58,58.32,98.68,21.21,48.69,7.25,36.77,Potato
Indore,Depalpur,Kharif,50.96,51.79,40.93,24.04,84.54,7.63,1109.63,Soybean
Indore,Hatod,Rabi,108.11,53.91,63.18,18.16,47.3,7.3,28.88,Wheat
Indore,Indore,Kharif,27.86,40.28,80.87,27.23,77.22,7.04,1258.88,Soybean
Indore,Sanwer,Kharif,21.1,81.27,75.19,26.53,82.3,7.92,1145.23,Soybean
Indore,Hatod,Rabi,74.79,38.59,72.58,20.04,47.1,7.16,26.39,Wheat
Indore,Hatod,Rabi,69.33,84.86,86.49,21.72,47.15,7.82,20.57,Wheat
Indore,Mhow,Rabi,71.34,82.65,88.48,21.7,48.34,7.17,30.62,Potato
Indore,Sanwer,Kharif,40.34,81.64,42.25,26.58,80.51,7.8,1105.11,Soybean
Indore,Mhow,Rabi,84.53,75.4,79.78,22.03,52.22,7.52,32.02,Onion
Indore,Indore,Kharif,21.7,71.07,36.38,26.66,80.59,7.95,1212.73,Soybean
Indore,Depalpur,Rabi,45.21,68.13,86.97,21.46,50.78,7.16,30.71,Potato
Indore,Mhow,Rabi,23.02,39.97,80.8,20.72,51.7,7.75,41.47,Gram (Chickpea)
Indore,Hatod,Kharif,15.0,74.89,69.69,26.05,77.93,7.04,1093.35,Soybean
Indore,Hatod,Rabi,32.28,53.61,97.14,20.8,48.99,8.1,34.8,Gram (Chickpea)
Indore,Mhow,Kharif,53.57,76.24,29.84,26.97,77.55,7.15,1096.61,Maize (Corn)
Indore,Hatod,Rabi,76.45,58.88,78.39,20.76,48.76,7.29,23.62,Wheat
Indore,Depalpur,Rabi,15.0,55.07,79.61,19.29,46.49,7.9,41.2,Gram (Chickpea)
Indore,Depalpur,Rabi,69.66,56.67,100.0,19.56,47.48,6.81,23.85,Potato
Indore,Hatod,Kharif,30.98,43.01,50.78,25.81,80.06,7.99,1119.34,Soybean
Indore,Indore,Kharif,42.08,75.81,34.63,25.74,76.1,7.56,1017.22,Soybean
Indore,Depalpur,Rabi,84.64,42.36,79.67,20.09,43.83,6.82,41.58,Onion
Indore,Indore,Rabi,15.0,51.48,38.48,22.45,48.98,7.34,37.47,Gram (Chickpea)
Indore,Hatod,Kharif,57.41,47.45,96.73,26.43,73.1,7.08,1141.24,Soybean
Indore,Indore,Kharif,103.57,36.89,47.85,26.42,78.64,7.58,1106.82,Maize (Corn)
Indore,Indore,Rabi,102.4,32.15,82.45,21.11,52.04,7.08,27.47,Onion
Indore,Hatod,Rabi,62.26,73.96,63.31,19.71,48.77,7.23,36.84,Potato
Indore,Sanwer,Kharif,24.86,79.71,49.74,25.21,83.59,6.82,1119.87,Soybean
Indore,Sanwer,Rabi,22.03,66.49,47.24,19.75,52.09,7.68,23.51,Gram (Chickpea)
Indore,Mhow,Rabi,46.63,42.88,51.13,20.72,49.94,7.73,36.66,Gram (Chickpea)
Indore,Hatod,Kharif,48.93,57.71,90.62,25.68,77.89,6.95,1236.62,Soybean
Indore,Depalpur,Kharif,26.93,78.28,97.9,27.17,79.0,7.25,1160.91,Soybean
Indore,Hatod,Rabi,22.4,28.34,55.12,21.35,53.91,7.41,25.64,Onion
Indore,Depalpur,Rabi,92.86,45.64,37.84,21.79,50.07,7.31,28.86,Wheat
Indore,Sanwer,Rabi,64.98,77.37,57.42,20.6,50.65,7.97,24.81,Wheat
Indore,Depalpur,Rabi,51.55,73.33,75.11,21.55,50.52,7.82,41.7,Onion
Indore,Indore,Rabi,35.1,67.37,70.35,20.31,44.43,8.16,43.89,Gram (Chickpea)
Indore,Mhow,Rabi,56.35,41.61,74.49,18.91,50.67,7.27,21.54,Wheat
Indore,Depalpur,Rabi,39.6,64.74,92.22,21.45,50.44,7.12,30.52,Gram (Chickpea)
Indore,Sanwer,Rabi,40.14,35.34,67.35,20.16,46.48,7.9,34.69,Gram (Chickpea)
Indore,Hatod,Kharif,97.63,24.07,48.85,24.04,80.06,7.58,1131.02,Maize (Corn)
Indore,Mhow,Kharif,31.76,52.73,87.64,26.45,79.26,7.31,1152.79,Soybean
Indore,Indore,Rabi,55.9,70.08,32.1,20.55,48.31,7.78,45.23,Wheat
Indore,Mhow,Kharif,91.88,65.17,47.03,25.01,84.98,6.98,1136.81,Maize (Corn)
Indore,Depalpur,Rabi,34.56,55.6,65.77,20.73,57.88,7.03,41.43,Onion
Indore,Indore,Rabi,81.37,80.76,68.07,21.84,48.67,7.74,36.41,Onion
Indore,Sanwer,Rabi,93.07,84.23,69.72,21.07,53.66,7.76,35.2,Onion
Indore,Hatod,Rabi,98.09,75.38,77.49,19.94,45.23,7.22,29.68,Potato
Indore,Depalpur,Rabi,98.18,39.94,26.43,20.89,42.83,7.2,20.84,Wheat
Indore,Indore,Rabi,70.2,84.32,70.84,20.92,46.24,7.09,30.23,Potato
Indore,Hatod,Kharif,48.2,58.8,65.43,27.9,74.53,7.35,1040.66,Soybean
Indore,Sanwer,Kharif,15.0,56.29,45.88,28.35,78.09,6.82,1093.91,Soybean
Indore,Mhow,Rabi,33.7,41.83,50.74,19.95,49.08,7.32,24.0,Gram (Chickpea)
Indore,Depalpur,Kharif,69.35,65.91,35.4,25.4,76.63,7.43,1153.68,Maize (Corn)
Indore,Mhow,Kharif,38.74,73.17,37.26,26.38,79.54,7.91,1095.83,Soybean
Indore,Hatod,Rabi,45.75,84.91,78.18,17.86,49.4,7.14,31.25,Potato
Indore,Indore,Rabi,34.92,58.24,83.85,22.35,46.69,7.94,30.59,Onion
Indore,Mhow,Kharif,54.0,45.13,58.91,26.35,77.01,7.67,1116.61,Maize (Corn)
Indore,Depalpur,Rabi,77.61,60.29,65.88,19.28,50.4,7.17,27.53,Wheat
Indore,Depalpur,Rabi,101.46,81.54,50.45,21.16,54.98,8.18,35.52,Wheat
Indore,Hatod,Rabi,27.68,60.31,67.49,21.08,49.09,6.82,20.26,Potato
Indore,Depalpur,Kharif,79.72,18.6,81.1,24.97,74.27,7.37,1142.32,Maize (Corn)
Indore,Depalpur,Rabi,78.81,70.74,48.37,21.33,48.17,7.31,19.43,Wheat
Indore,Mhow,Rabi,40.76,65.71,32.09,21.16,48.08,7.55,28.77,Gram (Chickpea)
Indore,Depalpur,Rabi,40.51,77.15,58.61,20.69,47.15,7.92,32.82,Onion
Indore,Depalpur,Rabi,39.58,20.68,85.74,20.81,47.0,6.9,32.27,Onion
Indore,Depalpur,Rabi,24.0,69.15,41.73,23.19,50.49,7.76,32.18,Gram (Chickpea)
Indore,Indore,Rabi,93.47,31.54,88.39,19.51,53.96,6.91,11.81,Onion
Indore,Sanwer,Kharif,44.52,81.21,100.0,25.11,75.9,7.12,1097.63,Soybean
Indore,Hatod,Rabi,47.39,77.5,88.79,21.56,55.58,7.52,27.12,Potato
Indore,Hatod,Kharif,45.94,69.37,29.4,27.91,80.23,7.3,1099.32,Soybean
Indore,Sanwer,Kharif,65.37,72.84,23.02,24.86,78.61,7.85,1195.67,Maize (Corn)
Indore,Indore,Kharif,99.65,56.66,27.7,26.33,77.72,7.89,1170.75,Maize (Corn)
Indore,Indore,Rabi,60.69,23.35,90.29,19.07,48.56,7.2,19.58,Onion
Indore,Sanwer,Rabi,49.79,77.34,72.15,21.88,48.99,8.2,18.8,Gram (Chickpea)
Indore,Sanwer,Rabi,103.11,64.35,98.83,18.17,44.63,7.7,12.27,Potato
Indore,Mhow,Kharif,40.96,59.07,64.57,27.41,82.61,6.95,1096.6,Soybean
Indore,Hatod,Rabi,107.69,58.04,49.46,20.53,49.04,7.32,32.94,Wheat
Indore,Sanwer,Kharif,105.8,43.07,85.24,25.85,76.5,7.49,1069.6,Maize (Corn)
Indore,Depalpur,Kharif,50.71,46.1,71.66,26.37,81.31,7.69,1103.45,Maize (Corn)
Indore,Hatod,Rabi,86.4,22.11,84.59,18.53,52.21,6.98,29.37,Onion
Indore,Sanwer,Kharif,71.91,85.0,47.36,27.17,76.28,6.86,1018.8,Maize (Corn)
Indore,Hatod,Kharif,68.24,27.06,81.56,25.82,77.75,7.88,1152.84,Maize (Corn)
Indore,Indore,Rabi,68.73,31.47,51.66,19.38,48.33,7.18,24.61,Onion
Indore,Depalpur,Rabi,42.0,28.04,66.83,20.9,47.71,7.04,26.44,Onion
Indore,Hatod,Rabi,60.52,63.43,85.14,19.48,47.69,6.89,42.31,Onion
Indore,Indore,Rabi,31.7,69.88,61.3,21.57,44.37,7.28,35.44,Onion
Indore,Hatod,Rabi,85.45,34.36,93.53,18.94,46.32,7.63,30.94,Onion
Indore,Depalpur,Kharif,103.02,45.24,24.25,27.86,76.65,7.04,1062.17,Maize (Corn)
Indore,Depalpur,Rabi,48.01,43.35,59.97,21.4,52.34,8.07,28.22,Gram (Chickpea)
Indore,Sanwer,Rabi,64.46,42.43,25.19,19.42,49.28,7.3,41.39,Wheat
Indore,Hatod,Kharif,47.27,75.41,48.64,26.37,76.35,7.64,1164.37,Soybean
Indore,Mhow,Kharif,37.18,47.56,59.21,29.03,81.79,7.24,1108.39,Soybean
Indore,Indore,Rabi,57.47,76.38,33.27,19.37,49.19,7.63,49.45,Wheat
Indore,Indore,Kharif,105.43,47.02,37.56,26.42,77.79,7.79,1199.43,Maize (Corn)
Indore,Sanwer,Rabi,39.47,42.39,63.19,21.8,48.3,7.99,27.57,Gram (Chickpea)
Indore,Indore,Rabi,20.9,75.93,75.26,21.68,52.8,7.35,26.84,Onion
Indore,Mhow,Kharif,29.77,59.26,46.95,26.43,77.79,7.2,1172.9,Soybean
Indore,Mhow,Kharif,58.56,61.6,92.85,25.29,77.47,7.89,1139.28,Maize (Corn)
Indore,Depalpur,Rabi,75.81,70.23,88.53,19.81,51.25,7.6,21.61,Potato
Indore,Hatod,Rabi,40.0,48.49,38.5,20.48,53.53,7.12,35.63,Gram (Chickpea)
Indore,Depalpur,Kharif,45.67,17.31,53.66,24.68,72.14,6.97,1099.25,Maize (Corn)
Indore,Sanwer,Kharif,36.54,74.55,30.88,27.0,79.27,7.97,1131.32,Soybean
Indore,Mhow,Rabi,60.25,66.52,61.92,22.4,53.44,7.55,33.71,Potato
Indore,Sanwer,Kharif,96.18,47.96,29.52,25.27,78.94,7.48,1115.2,Maize (Corn)
Indore,Hatod,Rabi,58.39,36.23,47.23,18.67,47.29,7.12,39.81,Wheat
Indore,Hatod,Kharif,61.28,66.72,70.74,26.65,78.82,7.1,1080.76,Maize (Corn)
Indore,Depalpur,Rabi,47.89,44.12,87.95,21.03,48.41,7.14,47.61,Gram (Chickpea)
Indore,Indore,Rabi,36.33,78.74,64.49,21.06,52.46,7.73,31.08,Potato
Indore,Hatod,Kharif,56.51,29.28,53.06,25.12,81.66,6.9,1141.33,Maize (Corn)
Indore,Mhow,Rabi,55.34,33.85,57.52,20.42,46.5,7.51,40.65,Onion
Indore,Depalpur,Rabi,58.4,72.36,73.94,20.75,48.28,7.78,26.02,Onion
Indore,Indore,Rabi,109.13,67.63,74.32,21.43,46.41,7.79,42.1,Potato
Indore,Sanwer,Rabi,33.74,41.43,82.39,20.36,45.71,7.12,33.63,Gram (Chickpea)
Indore,Indore,Rabi,17.97,63.28,75.34,20.07,50.05,7.87,25.24,Gram (Chickpea)
Indore,Mhow,Rabi,50.4,38.44,80.87,21.87,54.86,7.19,33.06,Onion
Indore,Mhow,Kharif,103.56,51.27,82.82,26.61,77.34,7.16,1183.52,Maize (Corn)
Indore,Hatod,Rabi,72.35,61.17,72.47,20.68,49.71,7.11,32.25,Onion
Indore,Sanwer,Rabi,16.4,36.49,31.77,21.71,47.95,7.93,47.15,Gram (Chickpea)
Indore,Depalpur,Rabi,85.22,66.32,91.25,20.88,48.07,7.85,44.16,Wheat
Indore,Sanwer,Rabi,44.84,40.6,54.78,19.7,50.88,8.14,30.91,Gram (Chickpea)
Indore,Mhow,Rabi,87.43,78.43,82.21,20.85,48.19,7.16,46.73,Potato
Indore,Sanwer,Kharif,92.52,38.51,55.13,27.69,76.86,6.9,1160.43,Maize (Corn)
Indore,Depalpur,Kharif,80.15,19.68,85.12,26.32,77.75,7.71,1082.03,Maize (Corn)
Indore,Depalpur,Rabi,95.33,44.17,90.25,20.85,50.77,7.42,35.49,Wheat
Indore,Sanwer,Rabi,36.87,38.94,34.01,21.83,46.72,8.13,21.61,Gram (Chickpea)
Indore,Depalpur,Rabi,101.64,73.64,74.44,19.1,45.89,8.13,20.61,Wheat
Indore,Sanwer,Rabi,57.48,47.5,94.0,20.52,44.17,7.64,26.8,Wheat
Indore,Mhow,Kharif,91.8,33.97,56.13,27.14,79.21,7.52,1190.12,Maize (Corn)
Indore,Hatod,Rabi,101.02,56.14,55.33,20.93,45.75,8.08,31.39,Wheat
Indore,Mhow,Rabi,26.35,75.69,82.48,20.95,44.38,7.16,39.55,Gram (Chickpea)
Indore,Depalpur,Kharif,64.12,44.71,77.24,25.8,82.45,7.08,1066.93,Maize (Corn)
Indore,Depalpur,Rabi,45.29,60.35,74.52,21.05,55.67,7.72,22.55,Gram (Chickpea)
Indore,Sanwer,Rabi,74.29,46.89,84.33,19.69,51.6,7.45,32.95,Potato
Indore,Depalpur,Rabi,75.56,41.8,43.3,17.27,45.95,7.17,19.03,Wheat
Indore,Mhow,Rabi,39.74,28.46,92.4,22.03,44.2,7.25,20.05,Onion
Indore,Hatod,Kharif,98.67,44.53,77.91,25.93,79.44,7.65,1093.0,Maize (Corn)
Indore,Mhow,Kharif,82.89,24.81,62.75,27.29,79.45,7.43,1141.34,Maize (Corn)
Indore,Indore,Rabi,15.09,85.0,26.44,23.14,47.07,7.41,23.89,Gram (Chickpea)
Indore,Depalpur,Rabi,57.79,82.32,68.38,20.35,45.14,7.13,20.82,Potato
Indore,Mhow,Rabi,55.32,84.61,73.29,21.28,48.38,7.2,17.13,Potato
Indore,Sanwer,Rabi,18.08,43.69,92.55,21.15,49.11,7.37,30.65,Onion
Indore,Mhow,Rabi,106.64,52.37,91.79,21.14,51.82,7.43,37.1,Potato
Indore,Mhow,Kharif,58.48,83.47,53.34,27.03,81.54,7.18,1110.9,Soybean
Indore,Sanwer,Rabi,81.48,21.4,58.63,21.33,50.04,7.2,26.69,Onion
Indore,Mhow,Rabi,81.59,29.39,69.98,20.95,50.07,7.41,25.53,Onion
Indore,Mhow,Rabi,33.57,56.99,92.17,22.39,42.48,6.8,30.24,Onion
Indore,Hatod,Kharif,23.62,74.22,59.1,24.22,74.43,7.79,1110.5,Soybean
Indore,Indore,Rabi,87.95,66.38,67.31,21.41,45.41,7.03,20.06,Potato
Indore,Hatod,Rabi,70.97,72.81,28.9,19.74,47.58,7.22,29.32,Wheat
Indore,Depalpur,Rabi,24.0,65.67,95.22,20.43,45.89,8.02,25.87,Gram (Chickpea)
Indore,Indore,Kharif,57.63,85.0,30.88,29.79,76.3,7.58,1211.58,Soybean
Indore,Indore,Rabi,17.97,46.77,62.28,21.05,42.02,7.27,31.58,Gram (Chickpea)
Indore,Indore,Rabi,35.74,58.21,51.59,21.46,50.72,7.02,35.01,Gram (Chickpea)
Indore,Sanwer,Rabi,44.75,68.64,46.93,17.84,48.59,7.27,27.13,Gram (Chickpea)
Indore,Depalpur,Rabi,28.19,40.8,44.76,20.22,51.74,8.12,19.76,Gram (Chickpea)
Indore,Depalpur,Rabi,24.0,70.73,48.16,22.24,54.1,8.2,27.04,Gram (Chickpea)
Indore,Sanwer,Kharif,53.06,81.9,30.44,24.32,82.61,7.33,1102.61,Soybean
Indore,Sanwer,Rabi,48.86,76.92,28.29,18.8,51.82,7.0,10.0,Gram (Chickpea)
Indore,Hatod,Kharif,108.76,40.37,72.56,25.66,75.21,7.13,1091.63,Maize (Corn)
Indore,Sanwer,Rabi,42.17,75.57,97.14,19.79,46.25,7.01,42.45,Potato
Indore,Mhow,Kharif,26.21,66.73,73.71,26.81,85.24,7.42,1118.12,Soybean
Indore,Depalpur,Rabi,33.36,39.06,49.32,20.09,51.9,7.55,38.84,Gram (Chickpea)
Indore,Indore,Kharif,23.0,49.28,52.66,27.87,73.95,7.48,1145.76,Soybean
Indore,Hatod,Rabi,37.53,52.46,63.4,20.93,50.98,7.85,41.61,Gram (Chickpea)
Indore,Mhow,Rabi,55.62,42.09,70.32,22.02,45.31,7.21,34.38,Wheat
Indore,Sanwer,Kharif,81.5,49.97,76.53,25.82,74.59,7.34,1170.47,Maize (Corn)
Indore,Depalpur,Rabi,62.75,60.18,81.4,21.3,50.77,7.43,38.3,Potato
Indore,Sanwer,Rabi,20.82,56.96,42.53,21.5,44.12,7.29,35.37,Gram (Chickpea)
Indore,Depalpur,Kharif,75.77,17.22,62.54,25.42,85.05,7.04,1085.98,Maize (Corn)
Indore,Sanwer,Rabi,55.61,85.0,45.29,21.04,52.87,7.07,26.34,Wheat
Indore,Sanwer,Rabi,48.41,49.42,41.32,22.5,47.13,7.65,29.94,Gram (Chickpea)
Indore,Mhow,Kharif,85.16,67.7,57.42,25.82,79.81,6.82,1102.01,Maize (Corn)
Indore,Indore,Rabi,26.21,73.48,35.51,23.36,49.44,8.19,47.99,Gram (Chickpea)
Indore,Depalpur,Kharif,68.14,78.7,22.6,22.81,78.22,7.61,1187.29,Maize (Corn)
Indore,Indore,Kharif,43.41,75.15,90.38,27.57,78.12,7.19,1116.91,Soybean
Indore,Mhow,Rabi,55.37,54.36,59.95,21.65,55.75,8.04,26.15,Wheat
Indore,Indore,Rabi,20.78,84.96,86.4,19.08,51.04,7.58,31.67,Potato
Indore,Indore,Rabi,108.66,56.17,37.04,19.09,46.59,7.13,37.02,Wheat
Indore,Mhow,Rabi,79.3,38.32,85.36,19.85,49.77,8.09,36.37,Wheat
Indore,Mhow,Rabi,86.83,42.25,71.42,19.98,44.64,7.26,19.7,Onion
Indore,Indore,Rabi,29.49,40.97,24.66,19.85,48.37,7.35,25.44,Gram (Chickpea)
Indore,Indore,Rabi,88.04,29.12,67.51,23.14,49.35,7.97,20.55,Onion
Indore,Mhow,Rabi,84.57,62.28,66.39,20.29,46.78,7.05,38.87,Potato
Indore,Mhow,Rabi,76.06,58.11,39.01,22.66,47.84,7.43,42.28,Wheat
Indore,Mhow,Rabi,86.94,38.62,38.22,21.39,53.9,8.11,49.73,Wheat
Indore,Indore,Kharif,28.21,67.54,79.15,26.71,72.96,6.95,1071.62,Soybean
Indore,Depalpur,Rabi,99.46,47.0,61.64,20.54,45.21,7.57,34.16,Potato
Indore,Mhow,Kharif,24.0,53.04,69.61,27.21,80.24,7.4,1156.84,Soybean
Indore,Mhow,Kharif,21.6,79.08,74.76,26.65,78.83,6.91,1178.09,Soybean
Indore,Sanwer,Rabi,36.21,79.44,48.34,20.69,47.63,7.99,21.14,Gram (Chickpea)
Indore,Hatod,Rabi,57.66,53.78,98.94,17.94,50.56,8.09,22.09,Wheat
Indore,Hatod,Rabi,40.78,62.62,30.87,20.49,43.51,7.52,24.09,Gram (Chickpea)
Indore,Sanwer,Rabi,60.89,60.33,68.92,20.59,46.24,7.42,34.15,Potato
Indore,Depalpur,Rabi,36.94,17.89,81.61,18.78,44.13,7.17,26.0,Onion
Indore,Hatod,Rabi,38.62,31.99,67.54,19.17,49.62,7.06,25.19,Onion
Indore,Hatod,Rabi,83.87,46.19,55.85,19.06,49.6,7.27,17.05,Potato
Indore,Hatod,Kharif,81.82,34.65,57.27,23.75,75.4,7.2,1151.45,Maize (Corn)
Indore,Mhow,Rabi,23.52,55.71,53.82,21.69,52.45,7.27,21.22,Potato
Indore,Mhow,Rabi,97.85,68.75,25.77,21.45,53.48,8.05,30.4,Wheat
Indore,Hatod,Kharif,48.63,85.0,56.96,24.54,78.5,6.84,1197.01,Soybean
Indore,Indore,Kharif,76.32,17.08,55.92,26.61,77.85,7.65,1157.4,Maize (Corn)
Indore,Mhow,Rabi,90.3,83.28,71.55,21.94,44.75,7.34,38.1,Potato
Indore,Mhow,Kharif,58.88,62.88,84.26,26.27,75.72,7.19,1153.55,Soybean
Indore,Hatod,Rabi,105.3,47.33,62.26,20.42,47.37,7.49,31.2,Potato
Indore,Hatod,Rabi,44.92,60.15,87.47,20.26,49.03,7.12,10.0,Gram (Chickpea)
Indore,Hatod,Rabi,108.97,39.76,98.39,19.67,53.77,7.2,20.52,Wheat
Indore,Sanwer,Kharif,42.35,57.85,95.02,25.87,78.16,7.93,1053.97,Soybean
Indore,Sanwer,Rabi,35.7,18.77,93.37,20.06,49.39,7.98,42.49,Onion
Indore,Mhow,Rabi,51.24,65.14,75.65,19.17,48.78,7.22,35.44,Potato
Indore,Mhow,Kharif,35.01,51.4,50.1,27.56,80.06,7.41,1130.69,Soybean
Indore,Mhow,Kharif,66.96,85.0,71.48,28.1,74.59,7.01,1161.22,Maize (Corn)
Indore,Depalpur,Rabi,54.18,29.86,93.83,20.68,49.1,7.35,30.71,Onion
Indore,Sanwer,Kharif,38.08,69.47,81.67,27.06,84.68,7.79,1171.84,Soybean
Indore,Mhow,Rabi,106.88,45.28,95.24,19.88,48.53,7.35,31.47,Potato
Indore,Indore,Rabi,64.25,51.84,70.39,17.72,50.02,7.39,33.16,Potato
Indore,Mhow,Kharif,105.12,77.09,29.99,26.45,79.82,7.06,1110.64,Maize (Corn)
Indore,Depalpur,Kharif,69.31,80.76,38.64,26.37,82.69,7.06,1106.28,Maize (Corn)
Indore,Depalpur,Rabi,26.62,53.86,76.05,21.59,47.8,7.75,36.85,Onion
Indore,Indore,Rabi,107.68,45.16,59.7,22.38,53.55,6.87,22.01,Potato
Indore,Hatod,Kharif,75.72,52.69,90.42,25.54,78.24,7.12,1141.79,Maize (Corn)
Indore,Sanwer,Rabi,61.38,75.51,24.25,20.6,54.67,8.0,23.98,Wheat
Indore,Mhow,Kharif,30.2,78.93,62.39,26.69,79.26,7.02,1126.66,Soybean
Indore,Sanwer,Kharif,56.26,76.28,27.84,26.98,81.74,7.95,1110.43,Soybean
Indore,Mhow,Rabi,21.38,53.98,28.02,21.0,44.54,7.16,23.98,Gram (Chickpea)
Indore,Depalpur,Kharif,46.84,43.24,63.72,26.34,78.8,7.86,1183.3,Soybean
Indore,Mhow,Rabi,22.92,51.16,79.13,20.68,50.64,7.11,44.99,Potato
Indore,Sanwer,Rabi,22.32,37.64,75.78,18.8,45.35,7.83,25.18,Gram (Chickpea)
Indore,Depalpur,Rabi,30.67,75.7,75.66,19.96,55.3,7.97,42.95,Gram (Chickpea)
Indore,Hatod,Rabi,85.57,56.16,90.38,20.84,49.04,7.43,40.7,Potato
Indore,Sanwer,Kharif,53.24,75.63,35.51,23.87,77.4,7.44,1062.84,Soybean
Indore,Depalpur,Rabi,22.56,21.03,65.3,20.04,51.63,6.84,42.21,Onion
Indore,Hatod,Kharif,42.62,82.61,40.42,27.46,74.06,7.2,974.29,Soybean
Indore,Hatod,Rabi,28.64,66.02,86.2,20.35,43.8,7.76,37.0,Potato
Indore,Depalpur,Kharif,15.11,59.12,92.11,27.78,77.44,7.88,1137.15,Soybean
Indore,Depalpur,Rabi,26.06,75.03,65.86,19.79,55.77,6.97,27.57,Potato
Indore,Indore,Rabi,28.75,43.03,69.87,20.02,48.69,7.02,27.62,Gram (Chickpea)
Indore,Hatod,Kharif,81.23,82.83,56.36,26.09,82.51,7.22,1062.09,Maize (Corn)
Indore,Sanwer,Kharif,26.6,72.36,48.92,23.82,77.11,7.29,1169.5,Soybean
Indore,Sanwer,Rabi,19.62,46.57,66.2,19.41,45.38,6.89,29.56,Onion
Indore,Indore,Rabi,78.21,83.87,68.6,22.12,51.4,7.05,17.91,Potato
Indore,Sanwer,Kharif,29.63,79.9,75.59,25.55,76.12,6.93,1077.96,Soybean
Indore,Hatod,Rabi,37.43,62.04,40.0,20.71,47.95,7.72,24.12,Gram (Chickpea)
Indore,Hatod,Kharif,44.32,75.64,82.05,26.33,77.0,7.23,1119.72,Soybean
Indore,Indore,Rabi,68.94,75.28,74.31,20.73,45.03,8.11,24.74,Wheat
Indore,Hatod,Kharif,40.24,65.64,91.79,26.43,81.36,7.94,1158.29,Soybean
Indore,Sanwer,Rabi,36.38,44.74,70.41,21.29,55.76,7.2,26.69,Onion
Indore,Sanwer,Kharif,46.0,78.48,80.44,27.26,83.21,7.41,1151.84,Soybean
Indore,Indore,Kharif,76.51,83.99,51.63,27.14,83.41,7.9,1134.86,Maize (Corn)
Indore,Indore,Rabi,20.48,76.03,65.97,20.43,46.98,7.98,36.17,Gram (Chickpea)
Indore,Hatod,Kharif,36.3,85.0,91.35,28.03,78.62,6.99,1076.93,Soybean
Indore,Mhow,Rabi,99.67,18.0,51.5,18.35,49.74,7.34,30.66,Onion
Indore,Hatod,Kharif,48.88,23.45,84.06,24.81,79.42,6.99,1164.44,Maize (Corn)
Indore,Depalpur,Rabi,99.72,37.65,41.94,18.71,52.92,7.03,33.59,Wheat
Indore,Depalpur,Rabi,32.54,67.93,74.38,18.97,46.97,8.15,14.66,Gram (Chickpea)
Indore,Sanwer,Rabi,57.86,60.79,68.32,20.71,48.75,6.97,16.86,Potato
Indore,Indore,Rabi,99.32,23.3,68.9,20.15,45.39,7.29,19.96,Onion
Indore,Sanwer,Kharif,25.34,55.18,79.1,23.88,74.05,7.57,1080.97,Soybean
Indore,Indore,Rabi,93.91,75.49,67.55,21.37,47.41,7.31,32.86,Wheat
Indore,Sanwer,Rabi,37.35,53.13,20.0,20.63,47.61,7.62,28.57,Gram (Chickpea)
Indore,Indore,Kharif,55.44,51.92,21.77,25.01,73.94,7.75,1151.19,Soybean
Indore,Mhow,Rabi,109.51,56.06,76.15,22.38,50.86,7.2,15.73,Potato
Indore,Indore,Kharif,62.63,53.09,48.99,27.02,79.67,6.88,1131.59,Maize (Corn)
Indore,Depalpur,Rabi,26.78,72.58,64.41,20.38,50.36,7.32,23.81,Potato
Indore,Mhow,Rabi,55.09,63.18,62.24,21.6,50.45,7.47,42.15,Onion
Indore,Mhow,Kharif,21.15,59.69,59.65,25.79,74.88,7.83,1135.96,Soybean
Indore,Depalpur,Rabi,44.89,52.28,94.78,19.89,45.9,8.07,33.3,Gram (Chickpea)
Indore,Depalpur,Kharif,58.86,56.16,45.17,25.9,75.95,7.86,1096.18,Soybean
Indore,Mhow,Rabi,104.82,21.02,70.08,22.71,47.51,7.7,40.43,Onion
Indore,Sanwer,Rabi,47.94,82.6,58.76,22.54,51.29,7.43,29.7,Potato
Indore,Sanwer,Rabi,57.11,54.05,63.37,20.91,48.32,7.95,33.99,Wheat
Indore,Depalpur,Rabi,39.04,24.65,58.99,21.27,43.89,6.89,39.13,Onion
Indore,Hatod,Kharif,94.99,43.09,20.0,25.37,79.84,7.56,1178.84,Maize (Corn)
Indore,Indore,Kharif,106.3,34.23,40.51,26.46,79.61,7.89,1136.26,Maize (Corn)
Indore,Hatod,Kharif,54.7,17.51,55.83,25.77,80.66,6.92,1078.21,Maize (Corn)
Indore,Indore,Kharif,57.5,52.13,28.57,25.98,79.9,7.52,1105.06,Soybean
Indore,Mhow,Kharif,19.51,67.67,35.09,27.6,78.31,6.85,1114.33,Soybean
Indore,Indore,Rabi,77.81,49.02,92.26,19.92,51.94,7.04,37.68,Potato
Indore,Indore,Rabi,17.95,45.29,69.32,18.72,53.87,7.17,29.58,Potato
Indore,Sanwer,Rabi,38.79,48.67,50.32,20.85,49.78,7.62,36.06,Potato
Indore,Hatod,Rabi,55.06,63.09,67.79,20.38,46.97,7.73,35.65,Potato
Indore,Indore,Rabi,39.81,62.24,69.28,21.44,49.16,7.76,46.63,Potato
Indore,Hatod,Rabi,47.45,76.71,21.54,19.84,50.9,7.39,37.68,Gram (Chickpea)
Indore,Indore,Kharif,46.69,41.15,53.87,27.3,78.59,7.17,1115.23,Soybean
Indore,Indore,Kharif,52.4,29.54,41.06,27.88,77.57,7.1,1164.99,Maize (Corn)
Indore,Mhow,Rabi,103.49,62.76,41.03,22.05,49.13,7.04,44.71,Wheat
Indore,Depalpur,Rabi,80.06,64.69,30.23,19.44,46.75,7.61,19.74,Wheat
Indore,Sanwer,Rabi,77.26,65.03,64.3,18.03,48.05,7.42,48.36,Onion
Indore,Hatod,Rabi,83.87,76.1,22.83,19.92,55.6,7.29,33.62,Wheat
Indore,Depalpur,Rabi,92.91,70.23,29.75,20.93,52.79,8.05,48.84,Wheat
Indore,Sanwer,Rabi,103.74,72.69,76.26,19.69,46.04,7.46,31.87,Potato
Indore,Depalpur,Kharif,97.12,26.63,70.93,24.98,82.0,7.3,1152.06,Maize (Corn)
Indore,Sanwer,Kharif,23.35,59.74,93.63,25.99,77.23,6.81,1131.47,Soybean
Indore,Depalpur,Rabi,76.31,31.56,78.25,18.97,46.75,7.37,34.58,Onion
Indore,Hatod,Kharif,98.39,53.68,72.13,27.01,77.64,6.8,1187.34,Maize (Corn)
Indore,Hatod,Kharif,92.51,44.22,66.02,26.33,77.93,7.09,1167.74,Maize (Corn)
Indore,Sanwer,Kharif,63.41,58.03,56.62,26.24,81.96,7.81,1086.35,Maize (Corn)
Indore,Mhow,Rabi,75.98,37.86,100.0,21.93,47.56,7.14,30.22,Onion
Indore,Indore,Kharif,36.29,74.11,76.6,26.65,75.98,6.88,1095.68,Soybean
Indore,Depalpur,Rabi,20.79,76.82,100.0,19.17,49.59,7.33,47.17,Gram (Chickpea)
Indore,Hatod,Rabi,29.74,27.02,85.51,20.34,48.86,7.18,35.55,Onion
Indore,Indore,Rabi,40.02,63.72,78.76,21.27,52.12,7.37,34.22,Potato
Indore,Depalpur,Rabi,65.89,85.0,95.73,19.63,48.25,7.78,47.81,Wheat
Indore,Indore,Rabi,45.77,65.89,94.3,22.71,48.75,7.62,33.08,Gram (Chickpea)
Indore,Indore,Kharif,89.0,53.29,39.44,26.08,72.33,7.15,1139.24,Maize (Corn)
Indore,Hatod,Kharif,39.68,46.18,59.32,24.59,74.87,7.37,1094.52,Soybean
Indore,Mhow,Kharif,30.42,50.93,55.69,26.85,76.07,7.91,1171.29,Soybean
Indore,Hatod,Rabi,25.85,48.4,80.82,19.46,42.22,8.1,20.1,Gram (Chickpea)
Indore,Depalpur,Kharif,56.13,40.31,82.6,24.45,79.83,6.94,1210.29,Soybean
Indore,Sanwer,Rabi,101.56,63.04,55.88,21.51,48.51,7.6,20.2,Wheat
Indore,Hatod,Rabi,16.12,72.55,35.4,20.14,52.47,7.15,27.17,Gram (Chickpea)
Indore,Mhow,Kharif,28.99,67.91,42.09,24.32,78.79,7.35,1141.03,Soybean
Indore,Sanwer,Rabi,27.37,80.88,32.64,20.69,44.94,7.81,21.41,Gram (Chickpea)
Indore,Hatod,Rabi,35.12,79.74,96.35,21.38,50.02,7.8,26.55,Potato
Indore,Depalpur,Rabi,39.46,35.47,59.9,20.18,48.15,7.26,27.65,Gram (Chickpea)
Indore,Depalpur,Rabi,99.03,27.23,51.74,21.31,45.81,7.86,35.09,Onion
Indore,Hatod,Rabi,18.38,65.22,50.17,21.49,46.12,8.09,23.41,Gram (Chickpea)
Indore,Sanwer,Rabi,106.51,59.59,95.69,21.0,51.09,7.01,31.48,Potato
Indore,Indore,Rabi,98.45,71.88,60.99,19.6,51.39,6.95,40.11,Potato
Indore,Sanwer,Rabi,49.35,59.1,30.5,17.94,50.4,8.04,36.47,Gram (Chickpea)
Indore,Mhow,Kharif,75.55,43.8,51.58,26.22,79.57,7.45,1152.87,Maize (Corn)
Indore,Depalpur,Kharif,32.62,57.94,95.13,26.32,83.38,6.8,1153.21,Soybean
Indore,Hatod,Rabi,96.88,70.08,28.46,20.42,48.02,7.39,38.02,Wheat
Indore,Sanwer,Rabi,15.5,57.72,88.14,21.08,47.42,8.0,36.1,Gram (Chickpea)
Indore,Mhow,Rabi,79.37,67.63,90.35,21.73,51.24,7.71,36.15,Onion
Indore,Mhow,Kharif,89.0,62.1,68.2,28.44,80.82,7.1,1173.33,Maize (Corn)
Indore,Hatod,Rabi,33.16,60.91,57.63,19.85,48.86,7.81,40.5,Gram (Chickpea)
Indore,Hatod,Kharif,22.87,47.93,28.84,27.1,78.76,6.98,1101.66,Soybean
Indore,Sanwer,Rabi,19.66,30.27,73.98,20.81,49.39,6.86,31.32,Onion
Indore,Hatod,Rabi,56.08,48.99,32.43,19.34,43.89,7.03,45.11,Wheat
Indore,Sanwer,Kharif,21.07,71.33,46.09,26.44,75.55,7.25,1140.54,Soybean
Indore,Mhow,Rabi,81.66,44.11,75.88,21.9,48.38,6.9,31.27,Onion
Indore,Hatod,Rabi,76.53,42.9,56.48,21.19,47.63,6.9,42.3,Onion
Indore,Hatod,Rabi,30.04,59.73,71.03,21.42,46.8,7.26,34.14,Potato
Indore,Depalpur,Rabi,41.7,73.55,34.5,18.2,49.29,7.55,29.49,Gram (Chickpea)
Indore,Hatod,Kharif,73.08,52.71,32.63,24.37,82.19,7.28,1124.86,Maize (Corn)
Indore,Mhow,Rabi,76.14,64.1,31.2,20.37,47.85,7.8,22.8,Wheat
Indore,Hatod,Kharif,17.71,45.02,88.96,28.25,83.48,7.98,1088.67,Soybean
Indore,Sanwer,Rabi,18.82,52.65,54.59,20.09,44.3,8.2,23.86,Gram (Chickpea)
Indore,Mhow,Rabi,77.28,71.54,81.78,20.38,48.6,7.67,46.05,Wheat
Indore,Sanwer,Kharif,92.74,38.89,55.75,25.13,73.53,7.16,1116.69,Maize (Corn)
Indore,Indore,Kharif,42.74,78.85,78.26,27.79,82.5,7.41,1156.62,Soybean
Indore,Mhow,Kharif,23.57,78.24,55.65,26.47,75.37,7.05,1180.5,Soybean
Indore,Indore,Rabi,53.62,57.18,53.67,21.48,49.08,7.45,28.13,Potato
Indore,Indore,Rabi,36.42,81.4,71.63,19.47,48.13,7.3,34.21,Onion
Indore,Hatod,Rabi,43.51,50.16,92.79,19.66,50.9,6.92,27.57,Potato
Indore,Mhow,Kharif,109.22,34.97,51.74,27.53,77.71,7.22,1190.61,Maize (Corn)
Indore,Sanwer,Rabi,35.88,77.21,59.05,18.85,44.31,7.94,22.33,Gram (Chickpea)
Indore,Sanwer,Rabi,110.0,69.26,66.49,18.94,49.23,7.38,24.64,Wheat
Indore,Indore,Rabi,57.0,48.59,38.19,23.68,44.64,7.09,36.88,Wheat
Indore,Hatod,Kharif,49.32,18.28,77.98,26.61,75.17,6.95,1129.64,Maize (Corn)
Indore,Mhow,Rabi,28.21,15.0,52.94,20.78,46.18,7.53,37.38,Onion
Indore,Depalpur,Rabi,42.49,67.92,32.22,17.78,52.16,7.97,36.55,Gram (Chickpea)
Indore,Sanwer,Kharif,91.28,40.5,57.01,25.97,78.26,7.5,1111.06,Maize (Corn)
Indore,Mhow,Rabi,94.56,57.83,29.88,21.77,51.05,7.05,29.87,Wheat
Indore,Sanwer,Rabi,27.81,19.38,61.74,20.26,45.37,7.18,39.64,Onion
Indore,Sanwer,Kharif,43.7,56.85,74.94,25.2,77.98,7.22,1181.56,Soybean
Indore,Mhow,Rabi,48.24,36.46,72.26,21.47,49.78,7.36,24.59,Gram (Chickpea)
Indore,Hatod,Kharif,77.3,38.37,39.26,27.37,82.27,6.94,1064.68,Maize (Corn)
Indore,Indore,Kharif,26.92,73.7,69.27,27.47,71.6,7.31,1229.71,Soybean
Indore,Mhow,Kharif,66.64,30.03,29.94,26.0,70.94,7.63,1113.24,Maize (Corn)
Indore,Sanwer,Rabi,41.42,66.74,79.94,19.6,48.65,7.78,40.25,Onion
Indore,Indore,Rabi,28.2,57.31,81.47,19.68,47.71,6.96,35.52,Onion
Indore,Indore,Rabi,52.87,44.64,66.55,22.37,43.68,7.68,27.23,Onion
Indore,Indore,Rabi,66.63,35.65,65.42,20.05,48.55,7.04,25.7,Wheat
Indore,Depalpur,Kharif,98.2,67.32,36.54,25.94,79.61,7.58,1098.44,Maize (Corn)
Indore,Depalpur,Rabi,42.29,74.7,33.76,22.6,48.58,8.1,22.38,Gram (Chickpea)
Indore,Indore,Kharif,57.97,55.32,94.05,27.95,83.76,7.62,1117.17,Maize (Corn)
Indore,Sanwer,Rabi,70.04,81.83,84.07,20.57,47.41,7.15,24.17,Potato
Indore,Sanwer,Rabi,31.82,63.61,46.83,22.89,48.36,7.71,31.06,Gram (Chickpea)
Indore,Depalpur,Rabi,45.02,57.56,26.53,23.21,50.11,7.04,38.28,Gram (Chickpea)
Indore,Hatod,Rabi,64.84,56.25,67.17,19.59,49.41,8.18,33.16,Wheat
Indore,Depalpur,Rabi,54.4,79.67,69.24,21.28,49.66,7.5,25.98,Potato
Indore,Indore,Rabi,23.97,54.39,62.66,20.67,49.85,7.98,50.72,Gram (Chickpea)
Indore,Hatod,Rabi,90.09,53.3,47.77,20.7,48.96,7.65,39.66,Wheat
Indore,Depalpur,Kharif,23.45,85.0,55.68,28.93,78.71,7.05,1132.36,Soybean
Indore,Sanwer,Rabi,62.08,28.95,81.44,16.83,47.2,6.99,22.36,Onion
Indore,Mhow,Rabi,43.33,49.58,84.22,22.09,48.25,8.05,25.59,Gram (Chickpea)
Indore,Sanwer,Kharif,76.23,45.2,65.4,24.98,83.65,7.6,1083.45,Maize (Corn)
Indore,Depalpur,Kharif,102.51,66.31,63.58,26.17,72.53,7.15,1095.22,Maize (Corn)
Indore,Hatod,Rabi,29.05,38.36,39.64,20.1,52.44,8.01,25.5,Gram (Chickpea)
Indore,Indore,Rabi,60.76,38.89,76.71,21.9,49.52,7.03,33.73,Wheat
Indore,Indore,Kharif,102.24,20.38,62.94,27.06,75.54,7.6,1165.87,Maize (Corn)
Indore,Mhow,Kharif,78.81,55.8,92.52,27.26,78.7,7.89,1111.3,Maize (Corn)
Indore,Sanwer,Rabi,74.3,55.15,93.34,21.02,45.5,6.81,19.56,Potato
Indore,Depalpur,Kharif,33.45,43.08,72.48,25.77,78.66,7.92,1174.07,Soybean
Indore,Hatod,Kharif,66.41,39.62,22.3,24.75,83.27,6.95,1149.11,Maize (Corn)
Indore,Mhow,Kharif,49.31,19.89,98.33,26.7,74.77,7.41,1089.89,Maize (Corn)
Indore,Depalpur,Rabi,109.53,54.58,99.31,19.16,50.01,7.48,21.38,Onion
Indore,Hatod,Kharif,31.43,46.46,68.21,25.87,80.6,7.74,1143.72,Soybean
Indore,Depalpur,Rabi,57.66,49.15,52.62,19.9,48.11,7.74,18.15,Onion
Indore,Hatod,Rabi,75.39,16.62,84.67,18.5,49.67,7.51,38.72,Onion
Indore,Indore,Rabi,31.83,47.25,55.96,20.54,49.43,7.22,28.12,Onion
Indore,Indore,Kharif,46.8,44.2,60.39,28.14,74.23,7.11,1130.22,Soybean
Indore,Hatod,Kharif,57.39,35.94,31.37,24.44,79.1,6.94,1104.75,Maize (Corn)
Indore,Indore,Rabi,31.45,61.07,42.94,22.11,50.71,7.55,34.24,Gram (Chickpea)
Indore,Indore,Rabi,19.82,81.08,32.3,23.38,46.21,7.03,17.02,Gram (Chickpea)
Indore,Sanwer,Rabi,76.13,17.43,82.34,17.37,47.9,7.33,40.05,Onion
Indore,Sanwer,Rabi,32.16,58.47,95.64,21.14,48.72,7.22,41.16,Potato
Indore,Depalpur,Rabi,44.87,52.34,57.07,21.19,48.48,7.63,36.53,Gram (Chickpea)
Indore,Indore,Kharif,89.08,54.58,74.15,24.66,78.41,7.13,1093.33,Maize (Corn)
Indore,Depalpur,Rabi,100.28,58.76,93.94,19.55,48.22,7.14,26.58,Wheat
Indore,Depalpur,Kharif,48.81,40.52,38.52,24.41,83.54,7.7,1071.52,Maize (Corn)
Indore,Indore,Kharif,45.38,83.22,46.36,26.99,79.91,7.57,1249.97,Soybean
Indore,Sanwer,Kharif,49.12,53.06,82.33,24.6,78.54,7.04,1068.94,Soybean
Indore,Mhow,Rabi,25.63,51.88,95.49,20.01,49.08,7.84,28.95,Gram (Chickpea)
Indore,Indore,Kharif,29.56,63.82,47.64,26.02,80.72,7.68,1105.49,Soybean
Indore,Sanwer,Rabi,78.02,75.99,51.37,22.02,51.32,7.66,33.04,Potato
Indore,Hatod,Rabi,28.55,58.62,60.66,21.02,52.56,7.18,25.64,Gram (Chickpea)
Indore,Indore,Rabi,34.67,43.91,48.85,19.14,47.52,7.12,32.15,Gram (Chickpea)
Indore,Depalpur,Rabi,85.87,59.25,30.86,21.53,46.98,8.0,23.61,Wheat
Indore,Sanwer,Rabi,65.4,62.79,70.61,21.67,51.8,7.18,32.21,Potato
Indore,Hatod,Rabi,37.94,82.97,75.78,21.88,50.26,7.13,36.28,Onion
Indore,Hatod,Rabi,95.15,70.14,40.98,21.64,40.74,7.18,34.6,Wheat
Indore,Depalpur,Kharif,90.22,32.3,66.15,24.38,74.97,7.78,1074.72,Maize (Corn)
Indore,Sanwer,Rabi,19.48,35.01,74.86,21.07,44.55,7.84,23.15,Gram (Chickpea)
Indore,Depalpur,Rabi,25.3,52.7,66.02,19.33,48.38,7.94,27.24,Onion
Indore,Sanwer,Rabi,39.98,57.07,92.1,19.15,49.04,6.88,34.04,Potato
Indore,Depalpur,Rabi,31.55,46.89,82.3,21.22,49.46,7.17,40.99,Onion
Indore,Hatod,Rabi,96.26,31.3,58.51,20.75,52.32,7.27,25.09,Onion
Indore,Sanwer,Rabi,48.57,59.18,67.05,20.05,52.67,6.95,21.93,Potato
Indore,Mhow,Kharif,71.28,46.35,36.33,28.48,80.88,7.31,1179.35,Maize (Corn)
Indore,Hatod,Rabi,75.32,34.98,61.7,21.94,50.97,7.5,29.39,Onion
Indore,Hatod,Rabi,78.41,75.12,49.52,21.89,50.91,7.41,13.37,Wheat
Indore,Depalpur,Rabi,96.62,75.02,77.81,19.89,50.09,7.93,39.54,Onion
Indore,Mhow,Kharif,57.24,27.94,83.63,26.56,81.7,7.53,1214.46,Maize (Corn)
Indore,Depalpur,Kharif,32.51,51.37,93.14,24.97,84.42,7.63,1066.2,Soybean
Indore,Indore,Rabi,30.64,59.45,43.43,20.16,47.12,7.5,22.63,Gram (Chickpea)
Indore,Mhow,Rabi,92.04,29.48,86.71,19.38,43.06,7.53,37.58,Onion
Indore,Mhow,Rabi,33.69,56.74,49.6,20.19,47.46,7.49,46.98,Gram (Chickpea)
Indore,Indore,Rabi,24.3,64.4,83.86,17.6,49.25,7.98,46.28,Gram (Chickpea)
Indore,Depalpur,Rabi,26.05,47.44,23.43,18.54,48.3,7.02,37.62,Gram (Chickpea)
Indore,Depalpur,Kharif,82.41,18.45,46.71,26.84,83.0,6.88,1129.76,Maize (Corn)
Indore,Sanwer,Rabi,65.5,50.54,98.99,20.45,55.5,7.61,39.37,Potato
Indore,Mhow,Rabi,64.23,60.96,88.39,19.34,51.35,8.12,31.26,Wheat
Indore,Mhow,Rabi,42.33,38.06,74.86,22.26,50.27,7.39,30.51,Gram (Chickpea)
Indore,Mhow,Rabi,81.37,55.36,21.19,22.9,44.67,7.19,20.95,Wheat
Indore,Mhow,Rabi,44.17,77.22,77.73,21.88,46.66,7.63,37.51,Potato
Indore,Depalpur,Rabi,35.26,52.44,35.37,20.45,45.19,7.77,39.97,Gram (Chickpea)
Indore,Hatod,Rabi,81.15,64.99,72.82,20.89,44.75,7.64,35.92,Potato
Indore,Mhow,Kharif,49.18,20.9,25.01,27.18,78.01,7.76,1097.61,Maize (Corn)
Indore,Indore,Rabi,91.73,56.01,63.28,21.71,46.18,7.34,26.43,Potato
Indore,Indore,Kharif,98.92,63.16,89.8,28.37,80.04,7.81,1139.22,Maize (Corn)
Indore,Sanwer,Kharif,68.35,37.35,31.03,25.46,76.31,7.58,1113.15,Maize (Corn)
Indore,Depalpur,Kharif,102.48,59.83,41.17,25.85,82.62,7.24,1107.06,Maize (Corn)
Indore,Indore,Kharif,39.5,61.49,94.86,25.02,83.82,7.92,1132.64,Soybean
Indore,Sanwer,Rabi,87.06,67.8,40.44,22.55,49.1,7.86,30.82,Wheat
Indore,Mhow,Rabi,65.96,50.78,96.28,19.88,55.08,7.56,25.92,Wheat
Indore,Depalpur,Rabi,84.02,17.87,87.3,19.1,45.85,7.75,20.37,Onion
Indore,Hatod,Rabi,39.47,46.95,43.51,18.87,46.33,7.36,25.05,Gram (Chickpea)
Indore,Sanwer,Rabi,60.69,43.16,83.05,20.72,47.2,6.86,26.83,Onion
Indore,Depalpur,Rabi,28.67,67.09,46.69,20.38,50.49,8.0,27.75,Gram (Chickpea)
Indore,Indore,Kharif,18.18,61.74,25.88,26.39,79.33,7.52,1077.21,Soybean
Indore,Mhow,Rabi,35.38,78.69,81.44,21.54,48.17,7.57,31.35,Gram (Chickpea)
Indore,Sanwer,Kharif,88.84,61.28,37.07,23.87,79.4,7.23,1109.68,Maize (Corn)
Indore,Mhow,Rabi,18.46,74.58,71.17,20.31,47.52,7.34,34.94,Onion
Indore,Hatod,Kharif,24.54,47.68,61.21,27.51,83.07,6.84,1175.37,Soybean
Indore,Mhow,Rabi,18.77,39.92,91.23,20.67,51.84,7.86,38.07,Onion
Indore,Hatod,Rabi,102.2,65.22,90.91,18.7,47.19,7.24,29.97,Potato
Indore,Sanwer,Rabi,66.52,42.51,96.3,20.55,47.18,7.6,37.53,Wheat
Indore,Mhow,Rabi,26.94,83.55,79.72,20.85,42.39,7.34,32.98,Potato
Indore,Sanwer,Rabi,52.78,74.92,96.12,18.48,49.86,6.94,35.25,Potato
Indore,Hatod,Rabi,41.29,80.49,60.66,18.94,52.78,6.88,30.62,Potato
Indore,Mhow,Rabi,104.49,73.91,47.05,21.98,45.25,7.03,40.72,Wheat
Indore,Hatod,Rabi,94.3,35.47,75.78,20.99,50.8,7.91,40.48,Wheat
Indore,Hatod,Rabi,47.24,66.7,100.0,20.86,56.42,7.53,30.06,Potato
Indore,Depalpur,Rabi,32.16,49.57,86.81,20.3,47.2,7.56,21.99,Potato
Indore,Hatod,Kharif,25.29,45.93,78.99,26.4,74.46,7.87,1196.45,Soybean
Indore,Depalpur,Rabi,55.73,61.53,85.19,20.31,44.64,7.77,35.68,Potato
Indore,Depalpur,Rabi,81.59,40.5,93.33,18.46,48.53,8.07,22.17,Wheat
Indore,Hatod,Kharif,22.49,81.82,95.76,24.31,78.18,6.8,1095.89,Soybean
Indore,Hatod,Rabi,94.75,27.27,70.68,19.99,44.84,7.3,16.14,Onion
Indore,Mhow,Rabi,107.06,62.55,91.57,20.09,53.53,7.93,41.39,Wheat
Indore,Mhow,Kharif,89.66,58.39,43.78,27.83,80.29,7.35,1129.23,Maize (Corn)
Indore,Mhow,Rabi,35.12,65.45,46.78,18.23,52.35,7.46,40.6,Gram (Chickpea)
Indore,Depalpur,Kharif,23.63,42.05,48.79,26.72,77.85,7.66,1223.5,Soybean
Indore,Mhow,Kharif,46.08,62.01,87.0,26.88,77.7,7.3,1136.93,Maize (Corn)
Indore,Depalpur,Kharif,44.18,79.41,92.02,23.38,79.27,7.4,1000.23,Soybean
Indore,Hatod,Rabi,37.26,77.32,87.23,19.96,50.3,6.83,29.61,Potato
Indore,Sanwer,Rabi,89.11,53.49,97.69,19.59,43.98,7.92,30.99,Wheat
Indore,Depalpur,Rabi,71.65,75.58,54.34,22.71,45.82,6.89,26.27,Onion
Indore,Hatod,Rabi,28.05,70.36,43.99,19.71,48.9,7.67,37.92,Gram (Chickpea)
Indore,Sanwer,Kharif,77.98,78.31,93.78,26.39,81.95,7.79,1092.73,Maize (Corn)
Indore,Mhow,Rabi,97.16,56.44,95.71,20.79,48.45,7.23,36.41,Wheat
Indore,Mhow,Kharif,55.85,83.59,58.13,26.03,75.75,7.74,1195.01,Soybean
Indore,Sanwer,Rabi,95.82,46.93,64.25,20.99,48.59,8.1,29.09,Wheat
Indore,Hatod,Rabi,79.93,56.14,93.81,18.56,46.31,6.92,22.69,Onion
Indore,Hatod,Rabi,43.44,51.78,58.07,19.7,52.35,7.29,25.43,Potato
Indore,Indore,Rabi,21.71,82.86,94.04,21.16,46.08,7.4,33.2,Potato
Indore,Hatod,Rabi,93.58,83.4,54.41,20.62,51.47,7.03,24.04,Wheat
Indore,Sanwer,Rabi,27.74,52.86,39.4,20.05,46.82,7.22,37.82,Gram (Chickpea)
Indore,Depalpur,Kharif,61.92,80.32,46.34,28.47,73.52,7.53,1113.89,Maize (Corn)
Indore,Sanwer,Kharif,78.32,59.59,78.65,26.99,81.09,7.87,1181.99,Maize (Corn)
Indore,Sanwer,Rabi,15.0,45.21,58.49,19.46,46.52,7.32,29.48,Gram (Chickpea)
Indore,Mhow,Rabi,105.29,53.67,53.75,18.23,46.73,6.99,35.51,Potato
Indore,Sanwer,Rabi,78.98,21.9,92.65,18.29,45.78,7.38,32.22,Onion
Indore,Depalpur,Rabi,63.44,79.89,96.05,19.68,43.78,7.44,33.24,Wheat
Indore,Mhow,Rabi,32.49,81.31,55.26,21.12,49.04,7.61,25.86,Gram (Chickpea)
Indore,Sanwer,Rabi,44.3,58.94,51.54,21.57,53.13,7.77,28.92,Potato
Indore,Depalpur,Kharif,39.31,59.66,79.74,26.96,79.99,7.23,1095.78,Soybean
Indore,Hatod,Rabi,97.43,57.15,39.63,20.5,49.41,7.8,49.9,Wheat
Indore,Depalpur,Rabi,88.64,59.81,95.64,20.43,48.91,7.43,25.73,Onion
Indore,Mhow,Rabi,86.62,81.8,65.84,21.02,50.61,7.05,23.67,Onion
Indore,Hatod,Rabi,107.09,50.53,67.9,21.15,51.31,7.4,37.19,Wheat
Indore,Mhow,Kharif,44.78,69.48,59.24,28.38,80.04,7.34,1057.31,Soybean
Indore,Mhow,Rabi,87.33,46.24,78.99,18.82,48.25,7.64,26.57,Onion
Indore,Depalpur,Rabi,71.58,44.02,87.89,20.46,50.48,8.0,23.8,Wheat
Indore,Mhow,Kharif,45.06,54.15,77.49,25.35,83.33,6.95,1096.05,Maize (Corn)
Indore,Hatod,Rabi,28.83,83.61,59.4,19.15,51.25,7.6,34.26,Gram (Chickpea)
Indore,Depalpur,Kharif,73.96,24.71,92.31,26.16,80.88,6.96,1120.12,Maize (Corn)
Indore,Hatod,Rabi,44.11,40.04,26.0,20.44,51.41,8.0,27.22,Gram (Chickpea)
Indore,Depalpur,Rabi,60.03,72.64,83.82,19.61,49.78,8.12,44.09,Wheat
Indore,Depalpur,Kharif,32.41,77.07,98.88,27.57,76.44,7.24,1087.22,Soybean
Indore,Mhow,Kharif,57.68,75.74,82.75,26.52,82.21,7.42,1161.71,Soybean
Indore,Depalpur,Rabi,70.49,63.33,54.02,17.96,49.7,7.49,39.06,Onion
Indore,Depalpur,Rabi,86.65,60.25,32.68,16.71,50.39,7.58,29.4,Wheat
Indore,Sanwer,Rabi,57.36,64.16,29.45,17.07,46.16,8.2,23.28,Wheat
Indore,Indore,Rabi,32.26,62.71,70.49,18.49,51.26,6.91,47.68,Potato
Indore,Mhow,Rabi,27.92,82.23,41.14,22.24,45.01,7.9,43.5,Gram (Chickpea)
Indore,Depalpur,Rabi,19.66,22.73,94.26,22.25,48.26,7.67,32.98,Onion
Indore,Indore,Kharif,25.53,78.64,38.17,26.34,76.9,7.58,1221.17,Soybean
Indore,Depalpur,Kharif,15.0,54.15,25.85,26.27,81.78,7.97,1132.94,Soybean
Indore,Depalpur,Rabi,72.35,82.43,29.45,21.33,47.85,7.05,30.2,Wheat
Indore,Sanwer,Kharif,21.34,46.78,26.86,25.99,75.54,7.47,1071.43,Soybean
Indore,Mhow,Rabi,78.13,63.57,52.29,21.85,49.92,7.03,41.04,Potato
Indore,Mhow,Kharif,84.88,63.45,73.83,25.24,78.88,7.18,1142.93,Maize (Corn)
Indore,Indore,Rabi,69.47,59.54,60.56,21.19,47.93,7.63,28.68,Potato
Indore,Hatod,Kharif,109.93,31.55,69.6,26.08,80.78,7.49,1059.11,Maize (Corn)
Indore,Indore,Rabi,64.03,43.98,47.21,20.47,45.4,7.68,37.74,Wheat
Indore,Mhow,Rabi,95.67,49.01,53.81,19.27,52.49,7.15,35.48,Potato
Indore,Hatod,Rabi,73.13,77.06,50.29,22.03,51.32,7.44,23.39,Wheat
Indore,Sanwer,Rabi,32.7,62.56,20.09,22.73,47.45,8.2,24.01,Gram (Chickpea)
Indore,Indore,Rabi,76.42,45.33,79.49,20.56,49.18,7.16,35.89,Onion
Indore,Indore,Rabi,89.45,49.33,63.15,21.7,45.8,7.72,25.51,Potato
Indore,Indore,Kharif,17.94,80.53,88.52,27.31,77.93,7.21,1171.07,Soybean
Indore,Depalpur,Rabi,42.87,69.38,81.45,21.13,47.99,7.44,30.78,Potato
Indore,Hatod,Rabi,15.09,53.82,25.69,19.69,48.3,8.1,33.86,Gram (Chickpea)
Indore,Sanwer,Rabi,68.4,24.19,69.53,20.22,46.49,7.72,15.98,Onion
Indore,Depalpur,Kharif,89.41,44.06,25.45,26.89,84.18,7.01,1055.72,Maize (Corn)
Indore,Indore,Rabi,26.51,74.24,24.81,24.0,49.88,7.19,33.42,Gram (Chickpea)
Indore,Indore,Rabi,52.96,54.73,65.46,20.18,43.6,7.58,31.3,Potato
Indore,Mhow,Kharif,50.33,81.6,46.24,27.73,81.37,7.33,1103.47,Maize (Corn)
Indore,Indore,Rabi,45.08,64.45,92.9,20.85,45.43,7.56,14.22,Onion
Indore,Depalpur,Rabi,58.6,62.49,69.69,19.33,47.24,7.48,15.51,Wheat
Indore,Indore,Rabi,18.35,46.24,39.35,23.16,46.72,7.75,29.33,Gram (Chickpea)
Indore,Mhow,Rabi,56.37,77.7,60.65,20.54,45.16,8.02,32.15,Wheat
Indore,Sanwer,Rabi,82.33,78.07,40.51,21.8,45.43,8.11,43.7,Wheat
Indore,Indore,Kharif,88.19,59.23,85.14,27.1,80.08,7.44,1163.46,Maize (Corn)
Indore,Hatod,Kharif,20.63,79.71,56.72,23.39,75.43,7.56,1038.97,Soybean
Indore,Hatod,Rabi,93.55,61.83,27.49,20.93,43.58,7.21,37.83,Wheat
Indore,Hatod,Rabi,28.16,68.83,36.86,20.97,49.6,7.09,28.43,Gram (Chickpea)
Indore,Sanwer,Rabi,35.28,58.03,80.54,19.68,44.53,7.53,37.29,Potato
Indore,Sanwer,Rabi,105.39,34.23,70.53,20.24,49.41,6.9,47.42,Onion
Indore,Depalpur,Rabi,44.01,46.81,66.58,20.8,45.51,7.67,30.39,Potato
Indore,Mhow,Rabi,105.68,50.6,75.73,20.16,49.88,6.99,27.67,Potato
Indore,Hatod,Rabi,68.46,42.06,73.15,18.11,52.3,7.99,26.64,Wheat
Indore,Hatod,Rabi,22.34,39.91,53.03,19.58,46.37,8.04,37.03,Gram (Chickpea)
Indore,Depalpur,Kharif,34.18,67.85,96.05,26.11,74.47,6.9,1045.69,Soybean
Indore,Mhow,Kharif,97.14,47.32,81.39,27.46,78.77,7.88,1033.41,Maize (Corn)
Indore,Hatod,Kharif,57.18,39.04,90.59,24.91,79.6,7.51,989.27,Maize (Corn)
Indore,Hatod,Rabi,79.31,81.93,81.53,20.38,48.13,7.29,21.71,Potato
Indore,Mhow,Rabi,75.93,38.94,29.38,18.56,52.81,7.64,23.19,Wheat
Indore,Depalpur,Kharif,107.08,52.14,23.15,25.24,82.71,7.02,1119.1,Maize (Corn)
Indore,Mhow,Rabi,83.18,70.94,44.67,19.92,45.44,7.77,37.31,Wheat
Indore,Depalpur,Kharif,67.57,53.77,32.66,28.0,79.11,6.87,1162.7,Maize (Corn)
Indore,Hatod,Rabi,61.24,73.24,44.26,20.84,48.6,7.46,34.48,Wheat
Indore,Hatod,Rabi,58.7,16.57,65.21,21.4,52.14,6.92,35.88,Onion
Indore,Indore,Rabi,49.36,43.17,58.88,20.14,51.56,7.83,34.95,Gram (Chickpea)
Indore,Mhow,Rabi,70.36,78.29,94.31,21.54,48.15,7.37,24.45,Potato
Indore,Depalpur,Rabi,59.65,79.52,38.34,19.3,48.77,7.76,23.8,Wheat
Indore,Indore,Rabi,39.52,54.52,26.88,21.3,42.89,8.02,27.41,Gram (Chickpea)
Indore,Depalpur,Kharif,32.87,66.69,32.73,26.15,76.78,7.99,1141.08,Soybean
Indore,Hatod,Rabi,84.49,63.47,77.47,20.1,49.92,7.96,37.77,Onion
Indore,Sanwer,Kharif,36.77,66.6,91.78,27.37,79.39,7.15,1094.35,Soybean
Indore,Sanwer,Rabi,30.52,82.49,77.18,20.73,48.17,7.69,30.93,Gram (Chickpea)
Indore,Mhow,Rabi,37.48,47.17,51.2,19.6,46.0,6.92,36.29,Potato
Indore,Depalpur,Kharif,38.58,74.61,26.49,26.16,79.58,7.33,1152.75,Soybean
Indore,Depalpur,Rabi,86.87,61.42,80.93,19.78,44.98,7.36,18.95,Potato
Indore,Sanwer,Rabi,70.67,64.68,23.52,18.82,50.68,7.08,25.45,Wheat
Indore,Mhow,Rabi,99.22,78.76,40.24,19.77,50.02,7.92,20.92,Wheat
Indore,Sanwer,Rabi,27.37,51.89,28.48,19.29,46.51,7.88,13.97,Gram (Chickpea)
Indore,Depalpur,Rabi,86.85,42.33,96.08,20.01,43.31,6.87,33.86,Onion
Indore,Depalpur,Rabi,49.04,36.49,58.77,22.21,45.38,7.4,24.67,Gram (Chickpea)
Indore,Hatod,Kharif,85.07,23.88,79.29,26.32,77.02,6.88,1069.29,Maize (Corn)
Indore,Hatod,Rabi,78.97,71.16,78.22,21.48,46.17,6.95,37.04,Potato
Indore,Indore,Rabi,100.92,56.22,63.17,22.65,47.67,7.19,39.1,Wheat
Indore,Indore,Rabi,97.26,64.73,67.04,20.12,46.24,7.33,34.57,Wheat
Indore,Mhow,Rabi,110.0,55.0,39.68,21.11,48.59,8.11,18.03,Wheat
Indore,Sanwer,Rabi,40.48,72.75,26.78,18.07,46.97,7.18,33.92,Gram (Chickpea)
Indore,Hatod,Rabi,92.42,48.52,69.25,19.72,46.74,7.55,41.78,Onion
Indore,Hatod,Rabi,47.23,69.64,85.27,18.58,48.28,8.03,20.65,Gram (Chickpea)
Indore,Depalpur,Rabi,22.77,40.17,75.18,20.07,45.36,7.3,29.62,Gram (Chickpea)
Indore,Hatod,Rabi,41.56,84.5,51.47,22.19,48.91,6.95,46.87,Potato
Indore,Depalpur,Kharif,67.75,83.45,37.47,24.99,78.39,7.8,1113.83,Maize (Corn)
Indore,Mhow,Kharif,49.7,52.22,50.35,25.84,76.84,7.01,1144.72,Soybean
Indore,Depalpur,Rabi,19.12,67.77,72.7,20.8,53.44,7.76,38.0,Potato
Indore,Depalpur,Rabi,106.54,45.94,36.34,20.71,48.58,8.02,12.92,Wheat
Indore,Depalpur,Rabi,36.58,54.69,90.75,19.9,48.38,8.13,44.08,Gram (Chickpea)
Indore,Hatod,Kharif,100.45,53.67,88.08,28.36,80.38,6.97,1157.43,Maize (Corn)
Indore,Depalpur,Rabi,24.38,63.77,100.0,20.09,46.17,7.42,15.74,Gram (Chickpea)
Indore,Hatod,Kharif,38.04,63.76,60.61,25.11,77.61,7.41,1154.91,Soybean
Indore,Mhow,Rabi,26.1,51.81,89.98,22.17,52.75,6.92,40.35,Onion
Indore,Indore,Kharif,57.01,68.63,77.65,25.01,79.25,7.05,1078.04,Soybean
Indore,Indore,Rabi,33.36,55.44,32.43,18.55,48.51,7.85,17.77,Gram (Chickpea)
Indore,Depalpur,Rabi,51.21,54.46,54.84,20.21,48.99,6.87,38.67,Potato
Indore,Hatod,Rabi,65.06,53.26,82.76,21.64,49.39,7.51,31.19,Wheat
Indore,Depalpur,Kharif,53.15,72.38,29.29,25.95,75.13,7.47,1181.24,Maize (Corn)
Indore,Mhow,Rabi,83.35,56.0,24.81,22.14,53.14,7.53,23.51,Wheat
Indore,Hatod,Kharif,24.87,68.58,78.92,26.48,79.56,8.0,1045.31,Soybean
Indore,Indore,Kharif,68.98,82.46,40.57,28.43,81.59,6.96,1234.71,Maize (Corn)
Indore,Indore,Rabi,87.75,31.24,64.62,20.05,42.84,7.48,35.52,Onion
Indore,Sanwer,Kharif,54.22,68.87,82.44,26.91,87.3,7.08,1088.59,Soybean
Indore,Hatod,Kharif,98.52,15.84,74.03,25.31,78.62,7.45,1120.58,Maize (Corn)
Indore,Hatod,Rabi,60.88,43.36,64.67,19.53,44.25,6.82,25.49,Onion
Indore,Sanwer,Rabi,62.89,74.63,89.17,20.36,48.28,6.89,28.05,Potato
Indore,Hatod,Rabi,58.97,79.8,38.06,20.9,42.47,7.4,14.27,Wheat
Indore,Depalpur,Kharif,47.59,35.04,55.89,26.76,75.52,7.38,1154.5,Maize (Corn)
Indore,Indore,Rabi,88.47,68.99,91.54,21.66,48.61,8.15,43.96,Wheat
Indore,Indore,Rabi,34.21,45.07,93.89,21.54,47.46,7.16,29.5,Gram (Chickpea)
Indore,Depalpur,Kharif,107.41,53.91,21.71,27.65,80.95,7.6,1133.86,Maize (Corn)
Indore,Hatod,Kharif,86.65,15.34,54.52,24.48,81.72,7.46,1074.73,Maize (Corn)
Indore,Hatod,Rabi,87.49,80.51,96.57,22.04,43.1,7.21,24.27,Onion
Indore,Mhow,Rabi,76.26,54.04,68.52,20.97,54.02,7.33,20.87,Potato
Indore,Indore,Rabi,62.31,52.2,32.43,22.69,49.71,7.74,27.14,Wheat
Indore,Depalpur,Rabi,38.75,55.37,56.21,21.12,45.55,7.83,17.89,Onion
Indore,Hatod,Rabi,44.45,69.91,68.52,20.26,49.75,7.77,31.28,Gram (Chickpea)
Indore,Sanwer,Rabi,98.03,29.71,59.11,20.77,43.88,7.75,12.83,Onion
Indore,Indore,Kharif,23.5,44.61,36.35,26.33,75.08,7.15,1155.32,Soybean
Indore,Indore,Rabi,52.9,47.71,57.73,19.75,46.93,7.51,34.75,Potato
Indore,Depalpur,Kharif,68.87,21.51,78.41,24.78,79.58,7.58,1016.27,Maize (Corn)
Indore,Mhow,Kharif,93.53,15.0,43.45,28.07,82.2,7.37,1157.42,Maize (Corn)
Indore,Hatod,Kharif,104.51,56.68,74.36,25.04,81.81,6.91,1121.85,Maize (Corn)
Indore,Depalpur,Kharif,73.36,78.05,43.82,25.43,81.31,7.09,1125.7,Maize (Corn)
Indore,Hatod,Rabi,65.31,83.66,55.62,18.95,49.78,7.16,21.38,Potato
Indore,Mhow,Kharif,31.78,55.0,68.58,26.29,75.31,6.93,1070.94,Soybean
Indore,Depalpur,Rabi,76.3,71.39,25.53,20.45,49.48,7.82,33.26,Wheat
Indore,Sanwer,Rabi,24.41,71.25,37.18,19.55,45.22,8.08,29.11,Gram (Chickpea)
Indore,Mhow,Kharif,15.0,85.0,62.01,26.5,77.05,7.02,1241.4,Soybean
Indore,Mhow,Kharif,20.56,69.54,91.5,25.28,82.05,7.27,1134.62,Soybean
Indore,Mhow,Kharif,63.03,55.49,76.33,26.07,79.38,7.62,1137.08,Maize (Corn)
Indore,Hatod,Rabi,100.79,83.1,66.33,21.83,50.49,8.2,29.73,Wheat
Indore,Depalpur,Kharif,64.63,61.8,23.55,25.37,76.31,7.2,1061.65,Maize (Corn)
Indore,Hatod,Rabi,41.9,70.81,69.34,20.71,49.34,7.0,21.22,Gram (Chickpea)
Indore,Sanwer,Rabi,22.88,61.91,87.92,20.88,44.82,7.06,29.55,Onion
Indore,Hatod,Rabi,92.38,67.56,79.89,18.64,56.11,7.63,21.63,Potato
Indore,Depalpur,Rabi,81.77,77.77,65.53,21.48,48.23,6.99,22.64,Potato
Indore,Mhow,Rabi,103.13,62.79,67.49,21.71,50.35,7.5,35.44,Wheat
Indore,Indore,Rabi,101.34,50.63,82.65,20.53,50.97,7.02,35.89,Onion
Indore,Hatod,Rabi,59.16,38.78,79.59,22.78,46.24,8.2,29.88,Wheat
Indore,Mhow,Rabi,23.55,79.26,50.7,22.55,49.09,7.34,19.46,Gram (Chickpea)
Indore,Mhow,Rabi,70.67,83.43,42.91,18.82,47.45,7.28,41.54,Wheat
Indore,Depalpur,Rabi,55.92,53.36,40.46,20.6,52.27,7.19,26.11,Wheat
Indore,Hatod,Rabi,31.85,38.21,70.91,20.55,50.04,6.99,35.88,Onion
Indore,Depalpur,Kharif,99.75,30.94,92.95,25.18,78.57,6.86,1165.31,Maize (Corn)
Indore,Indore,Kharif,46.43,58.04,97.95,25.98,82.61,7.22,1034.1,Soybean
Indore,Indore,Kharif,94.44,63.8,62.66,25.69,78.53,7.43,1157.91,Maize (Corn)
Indore,Mhow,Kharif,67.57,23.68,72.48,26.08,73.56,7.01,1174.99,Maize (Corn)
Indore,Sanwer,Rabi,76.81,43.03,67.54,19.76,50.79,8.03,31.0,Wheat
Indore,Sanwer,Rabi,95.64,54.23,66.9,20.14,47.88,7.0,21.42,Potato
Indore,Indore,Rabi,85.86,58.5,73.82,20.53,47.69,7.15,29.34,Onion
Indore,Depalpur,Rabi,61.7,82.64,36.17,20.24,49.61,7.13,36.59,Wheat
Indore,Depalpur,Rabi,22.38,33.14,82.87,21.8,53.93,6.84,26.68,Onion
Indore,Hatod,Kharif,88.07,58.87,92.73,27.01,76.5,7.29,1104.52,Maize (Corn)
Indore,Hatod,Rabi,31.15,85.0,67.07,19.69,50.7,7.0,20.64,Onion
Indore,Depalpur,Kharif,107.09,58.52,86.64,26.24,78.87,7.29,1002.34,Maize (Corn)
Indore,Depalpur,Rabi,58.99,55.73,85.7,20.49,48.59,7.33,18.34,Potato
Indore,Mhow,Rabi,20.07,54.05,79.49,21.57,47.9,7.56,29.58,Potato
Indore,Hatod,Kharif,64.38,29.68,38.6,25.0,69.34,7.76,1103.47,Maize (Corn)
Indore,Sanwer,Rabi,19.65,55.4,58.01,19.47,46.75,7.16,35.31,Potato
Indore,Mhow,Kharif,31.81,63.64,24.91,25.84,78.54,7.39,1162.94,Soybean
Indore,Depalpur,Rabi,56.5,52.09,60.89,19.94,52.3,7.63,29.34,Onion
Indore,Hatod,Rabi,63.82,53.77,80.8,19.59,48.67,7.44,32.62,Potato
Indore,Mhow,Rabi,67.3,49.85,59.07,22.41,43.37,6.99,30.26,Potato
Indore,Hatod,Rabi,91.74,48.32,89.75,20.09,42.97,8.0,11.93,Wheat
Indore,Indore,Rabi,63.51,73.38,65.4,21.51,47.89,7.78,19.53,Onion
Indore,Indore,Kharif,32.81,54.32,66.38,25.67,74.17,6.94,1117.73,Soybean
Indore,Depalpur,Rabi,52.18,81.29,79.67,19.78,47.72,7.34,33.61,Potato
Indore,Sanwer,Kharif,19.04,85.0,46.4,27.85,74.34,7.43,1083.26,Soybean
Indore,Depalpur,Kharif,69.2,71.31,20.9,26.98,77.72,7.62,1057.59,Maize (Corn)
Indore,Depalpur,Rabi,65.54,44.54,80.95,19.33,49.27,8.03,32.8,Wheat
Indore,Sanwer,Rabi,27.72,44.92,66.17,19.89,48.67,8.08,19.76,Gram (Chickpea)
Indore,Depalpur,Kharif,102.97,66.76,62.38,24.12,78.44,7.36,1181.89,Maize (Corn)
Indore,Sanwer,Rabi,83.56,79.99,59.17,21.5,52.79,7.67,28.27,Wheat
Indore,Hatod,Rabi,17.1,30.59,69.36,20.75,47.38,7.93,30.66,Onion
Indore,Indore,Rabi,45.5,37.66,90.93,19.43,48.72,6.83,31.82,Onion
Indore,Depalpur,Kharif,24.22,79.74,76.07,25.72,79.04,7.31,1101.18,Soybean
Indore,Indore,Rabi,81.62,81.37,20.59,18.18,50.75,7.03,32.89,Wheat
Indore,Indore,Rabi,27.33,68.19,44.56,21.4,50.46,8.15,36.0,Gram (Chickpea)
Indore,Hatod,Rabi,16.68,61.4,21.92,21.3,44.63,7.02,28.39,Gram (Chickpea)
Indore,Indore,Rabi,76.07,61.4,94.57,20.64,43.92,7.22,36.07,Onion
Indore,Hatod,Kharif,85.84,28.92,94.58,26.14,77.13,6.92,1199.27,Maize (Corn)
Indore,Mhow,Kharif,35.61,54.1,31.18,26.91,78.07,7.05,1149.09,Soybean
Indore,Depalpur,Rabi,57.55,57.92,44.07,20.84,46.06,8.14,21.69,Wheat
Indore,Sanwer,Rabi,110.0,64.48,55.26,20.7,45.94,7.17,39.43,Potato
Indore,Mhow,Rabi,103.4,21.18,80.2,22.14,53.13,7.84,33.84,Onion
Indore,Depalpur,Kharif,42.81,48.78,60.39,27.05,75.92,7.82,1098.19,Soybean
Indore,Depalpur,Kharif,39.98,40.5,97.29,26.49,75.27,7.24,1093.52,Soybean
Indore,Sanwer,Rabi,27.94,66.66,27.22,21.49,47.88,7.76,24.07,Gram (Chickpea)
Indore,Hatod,Rabi,86.87,63.86,26.79,20.9,45.15,7.34,37.25,Wheat
Indore,Depalpur,Rabi,65.11,56.89,74.94,20.62,44.9,7.66,15.55,Potato
Indore,Depalpur,Kharif,19.21,41.33,64.12,26.41,80.42,7.6,1140.24,Soybean
Indore,Hatod,Rabi,65.04,53.19,61.3,21.18,43.13,7.54,41.34,Wheat
Indore,Hatod,Kharif,59.82,50.46,50.6,27.35,77.05,7.04,1093.53,Soybean
Indore,Hatod,Rabi,49.27,17.29,95.16,20.44,52.21,7.25,24.92,Onion
Indore,Depalpur,Rabi,49.46,49.51,26.74,17.66,50.77,7.88,37.29,Gram (Chickpea)
Indore,Sanwer,Rabi,26.82,62.43,34.33,22.71,48.67,7.47,20.93,Gram (Chickpea)
Indore,Mhow,Rabi,76.92,30.6,92.4,21.4,49.66,7.9,41.38,Onion
Indore,Mhow,Rabi,106.97,82.93,61.52,20.34,46.44,7.09,33.04,Potato
Indore,Sanwer,Kharif,75.44,75.74,98.75,25.06,78.84,7.86,1109.22,Maize (Corn)
Indore,Mhow,Rabi,49.16,72.19,94.44,23.35,48.8,7.87,17.2,Gram (Chickpea)
Indore,Hatod,Rabi,87.01,28.43,97.5,19.46,48.31,7.03,40.55,Onion
Indore,Mhow,Rabi,59.34,37.02,89.97,21.1,50.71,7.06,40.42,Wheat
Indore,Sanwer,Rabi,97.78,35.16,65.88,18.95,53.42,7.08,45.11,Onion
Indore,Indore,Kharif,95.57,17.0,82.92,25.2,74.31,7.36,1145.23,Maize (Corn)
Indore,Depalpur,Rabi,30.63,73.55,81.05,21.93,49.74,7.04,40.53,Potato
Indore,Hatod,Rabi,77.61,66.82,62.12,22.41,47.83,6.99,26.5,Potato
Indore,Sanwer,Rabi,34.52,38.69,61.73,20.43,46.83,8.08,23.04,Gram (Chickpea)
Indore,Depalpur,Kharif,109.77,37.4,36.77,26.54,82.66,7.43,1139.67,Maize (Corn)
Indore,Depalpur,Rabi,80.81,43.3,44.77,19.8,52.81,7.95,40.9,Wheat
Indore,Indore,Rabi,84.78,51.09,72.38,20.92,48.33,7.67,41.56,Wheat
Indore,Sanwer,Rabi,73.67,64.57,22.35,20.95,42.62,8.08,29.64,Wheat
Indore,Sanwer,Kharif,52.84,80.87,48.81,27.06,83.94,7.54,1088.51,Maize (Corn)
Indore,Indore,Kharif,32.7,47.0,64.52,28.1,85.06,7.88,1073.42,Soybean
Indore,Hatod,Kharif,56.18,26.68,59.48,26.64,85.17,7.11,1122.32,Maize (Corn)
Indore,Hatod,Kharif,55.71,56.82,54.23,26.42,82.25,6.86,1137.77,Soybean
Indore,Sanwer,Rabi,52.31,82.22,74.95,20.74,50.47,7.6,27.37,Potato
Indore,Sanwer,Rabi,15.05,48.47,87.27,21.46,44.39,7.76,28.96,Potato
Indore,Mhow,Rabi,28.96,57.62,35.81,21.25,50.99,7.48,28.75,Gram (Chickpea)
Indore,Depalpur,Kharif,29.85,47.84,70.66,26.24,75.54,7.52,978.17,Soybean
Indore,Mhow,Kharif,44.79,54.79,57.8,26.33,81.51,7.39,1140.68,Soybean
Indore,Sanwer,Rabi,75.46,49.15,94.63,18.55,44.99,7.85,22.64,Onion
Indore,Hatod,Rabi,21.3,46.55,65.29,19.7,46.88,7.18,30.91,Gram (Chickpea)
Indore,Hatod,Rabi,68.54,58.53,95.77,20.46,44.01,7.57,38.02,Potato
Indore,Hatod,Kharif,45.21,30.74,74.44,27.1,83.75,7.66,1095.01,Maize (Corn)
Indore,Indore,Kharif,84.34,71.32,100.0,26.6,76.8,7.31,1171.17,Maize (Corn)
Indore,Hatod,Kharif,34.05,83.45,23.41,25.15,76.7,7.98,1048.85,Soybean
Indore,Hatod,Kharif,37.37,53.22,42.12,24.65,85.05,8.0,1181.38,Soybean
Indore,Depalpur,Kharif,54.51,48.05,94.4,24.79,75.49,7.68,1134.9,Soybean
Indore,Indore,Rabi,61.24,73.0,66.18,21.05,46.13,7.4,25.93,Potato
Indore,Sanwer,Rabi,62.51,49.62,32.85,20.63,51.12,7.34,27.78,Wheat
Indore,Indore,Kharif,42.15,83.19,22.72,26.1,85.24,7.22,1119.85,Soybean
Indore,Sanwer,Kharif,34.89,76.72,21.83,29.23,78.94,7.43,1110.26,Soybean
Indore,Depalpur,Rabi,46.27,46.19,80.56,19.95,50.65,7.43,13.67,Gram (Chickpea)
Indore,Indore,Rabi,86.09,49.12,87.66,22.71,46.95,7.88,40.35,Onion
Indore,Indore,Rabi,55.96,37.08,99.86,18.78,47.07,7.5,16.42,Onion
Indore,Depalpur,Rabi,56.31,76.94,53.31,20.33,46.25,7.59,28.18,Wheat
Indore,Hatod,Rabi,84.3,49.74,76.18,21.5,46.84,7.8,21.11,Potato
Indore,Indore,Kharif,102.54,78.08,44.93,27.08,77.12,7.38,1160.92,Maize (Corn)
Indore,Depalpur,Rabi,110.0,61.88,62.64,22.66,49.12,7.1,37.49,Wheat
Indore,Indore,Rabi,31.12,73.35,57.57,22.0,51.65,6.8,23.91,Potato
Indore,Depalpur,Kharif,56.8,48.55,46.7,27.31,72.44,7.12,1161.54,Maize (Corn)
Indore,Hatod,Rabi,28.69,57.58,22.84,18.79,47.95,7.98,29.78,Gram (Chickpea)
Indore,Hatod,Rabi,95.61,55.0,98.88,21.02,51.14,7.22,43.44,Potato
Indore,Depalpur,Kharif,80.84,36.59,68.64,24.64,77.96,6.84,1111.15,Maize (Corn)
Indore,Mhow,Rabi,34.17,35.06,85.49,20.48,47.68,7.83,43.48,Gram (Chickpea)
Indore,Hatod,Rabi,19.95,47.76,78.13,19.59,50.98,7.7,30.95,Onion
Indore,Sanwer,Kharif,39.34,47.14,72.66,25.68,80.53,7.92,1129.32,Soybean
Indore,Sanwer,Rabi,34.09,38.61,88.89,20.27,47.02,8.02,24.55,Gram (Chickpea)
Indore,Mhow,Rabi,55.03,30.42,96.13,21.88,47.06,7.99,47.27,Onion
Indore,Depalpur,Rabi,91.67,43.07,37.77,22.27,53.28,7.49,26.39,Wheat
Indore,Depalpur,Kharif,84.84,33.54,46.78,24.9,80.55,7.38,1083.08,Maize (Corn)
Indore,Depalpur,Kharif,29.61,58.88,73.84,26.94,75.54,7.31,1039.71,Soybean
Indore,Hatod,Kharif,62.88,56.59,65.8,25.18,77.25,7.21,1073.49,Maize (Corn)
Indore,Indore,Kharif,105.94,34.26,20.0,27.58,79.22,7.6,1129.54,Maize (Corn)
Indore,Hatod,Rabi,17.41,65.87,92.97,20.82,50.83,7.51,31.69,Gram (Chickpea)
Indore,Mhow,Rabi,108.45,23.18,82.86,21.61,46.98,7.83,38.15,Onion
Indore,Indore,Kharif,15.0,43.07,22.29,25.86,79.07,7.29,1101.67,Soybean
Indore,Mhow,Rabi,73.03,81.81,47.7,23.23,46.84,7.2,24.34,Wheat
Indore,Indore,Kharif,66.21,43.71,43.16,26.85,78.52,7.49,1108.13,Maize (Corn)
Indore,Indore,Kharif,53.63,64.62,92.2,28.45,79.15,6.95,1188.99,Soybean
Indore,Depalpur,Kharif,46.45,80.36,36.36,27.52,75.42,6.95,1057.08,Soybean
Indore,Depalpur,Kharif,32.95,44.56,29.09,26.57,80.27,7.52,1122.72,Soybean
Indore,Mhow,Rabi,95.81,17.31,78.83,21.64,50.18,7.45,48.39,Onion
Indore,Hatod,Kharif,83.69,85.0,59.06,26.19,80.44,7.37,1193.18,Maize (Corn)
Indore,Hatod,Rabi,49.0,82.48,91.78,21.05,48.26,7.83,31.61,Gram (Chickpea)
Indore,Hatod,Kharif,90.72,33.76,97.9,25.26,78.18,7.32,1139.59,Maize (Corn)
Indore,Depalpur,Kharif,88.22,52.59,66.07,24.84,83.82,7.06,1149.3,Maize (Corn)
Indore,Depalpur,Rabi,104.5,26.5,91.48,18.58,54.13,6.97,23.14,Onion
Indore,Sanwer,Kharif,45.19,80.58,96.37,26.18,76.59,7.29,1011.73,Soybean
Indore,Depalpur,Rabi,18.62,81.44,93.91,20.39,44.68,7.67,37.88,Gram (Chickpea)
Indore,Mhow,Kharif,79.5,21.14,40.85,27.99,79.34,6.93,1146.75,Maize (Corn)
Indore,Depalpur,Rabi,83.3,23.83,85.72,20.48,51.51,7.67,37.11,Onion
Indore,Sanwer,Rabi,55.4,56.21,69.63,20.6,45.5,7.3,27.59,Onion
Indore,Sanwer,Kharif,77.15,43.25,85.32,26.37,80.75,7.0,1042.19,Maize (Corn)
Indore,Mhow,Rabi,24.69,79.29,67.39,23.4,49.0,7.06,45.12,Onion
Indore,Sanwer,Rabi,106.24,52.88,63.97,19.22,52.39,7.25,40.03,Potato
Indore,Hatod,Kharif,20.28,83.59,89.0,27.02,83.96,7.29,1120.17,Soybean
Indore,Sanwer,Rabi,36.13,54.42,60.37,20.23,51.92,7.07,30.78,Potato
Indore,Mhow,Kharif,107.04,30.59,29.86,26.84,77.57,7.0,1080.69,Maize (Corn)
Indore,Sanwer,Rabi,84.62,81.96,96.49,19.33,48.01,6.91,17.52,Onion
Indore,Depalpur,Rabi,67.28,32.48,80.37,19.9,48.58,7.7,41.95,Onion
Indore,Mhow,Rabi,62.66,65.84,57.17,19.9,45.83,7.51,23.95,Onion
Indore,Mhow,Kharif,100.03,18.82,97.85,28.43,77.27,6.8,1105.35,Maize (Corn)
Indore,Indore,Kharif,32.84,58.86,86.19,27.04,76.67,7.55,1137.28,Soybean
Indore,Depalpur,Rabi,73.96,74.71,51.89,22.62,43.74,7.25,21.44,Potato
Indore,Depalpur,Rabi,89.66,80.12,50.5,20.42,52.6,7.03,41.24,Potato
Indore,Indore,Rabi,59.91,42.17,95.92,22.01,53.46,7.26,21.98,Onion
Indore,Indore,Rabi,99.81,50.5,48.3,21.51,51.63,7.63,35.89,Wheat
Indore,Indore,Rabi,70.39,37.01,83.58,20.24,50.65,7.7,18.22,Wheat
Indore,Indore,Rabi,81.53,71.29,96.58,20.59,45.97,7.87,41.68,Wheat
Indore,Mhow,Rabi,61.28,66.14,57.78,21.64,51.34,7.8,19.31,Potato
Indore,Sanwer,Rabi,90.94,70.04,56.77,22.43,49.44,8.02,33.78,Wheat
Indore,Sanwer,Rabi,108.18,80.02,43.31,21.83,54.23,7.36,32.27,Wheat
Indore,Mhow,Rabi,69.93,39.16,49.06,23.72,44.82,7.26,43.55,Wheat
Indore,Mhow,Rabi,20.6,53.79,89.12,19.64,51.45,7.22,23.38,Potato
Indore,Indore,Rabi,78.56,66.15,25.49,20.06,41.54,8.15,30.43,Wheat
Indore,Depalpur,Rabi,63.46,35.71,34.0,21.27,46.43,7.0,25.02,Wheat
Indore,Indore,Rabi,79.74,73.51,91.82,20.36,50.75,7.67,43.78,Wheat
Indore,Mhow,Kharif,79.54,65.18,91.03,26.4,82.06,6.88,1146.21,Maize (Corn)
Indore,Sanwer,Rabi,18.37,72.56,81.77,20.8,46.08,7.65,28.43,Gram (Chickpea)
Indore,Hatod,Rabi,55.98,85.0,76.0,18.19,43.68,7.8,29.24,Potato
Indore,Sanwer,Rabi,63.06,53.16,95.78,20.16,46.55,6.91,40.18,Potato
Indore,Indore,Rabi,42.82,65.27,67.14,23.17,51.3,7.73,43.32,Gram (Chickpea)
Indore,Depalpur,Rabi,43.19,43.62,87.92,20.63,48.29,7.18,38.92,Gram (Chickpea)
Indore,Indore,Kharif,41.23,54.8,52.31,24.88,79.4,7.53,1102.96,Soybean
Indore,Depalpur,Kharif,91.16,32.97,40.48,25.76,78.04,7.16,1175.64,Maize (Corn)
Indore,Sanwer,Rabi,106.36,33.83,53.53,20.0,47.03,7.68,35.38,Onion
Indore,Indore,Kharif,21.38,83.14,42.0,26.41,83.05,7.21,1125.26,Soybean
Indore,Depalpur,Kharif,77.6,26.8,20.92,27.87,74.45,7.63,1161.97,Maize (Corn)
Indore,Hatod,Rabi,53.39,59.64,75.94,20.46,50.56,7.37,37.88,Onion
Indore,Sanwer,Kharif,51.85,45.71,58.93,26.16,80.45,7.5,1083.02,Soybean
Indore,Hatod,Rabi,104.14,67.7,21.47,18.59,50.23,7.28,44.62,Wheat
Indore,Indore,Rabi,56.02,65.02,39.85,21.12,48.83,7.32,22.43,Wheat
Indore,Hatod,Rabi,26.84,29.35,79.9,19.36,51.83,7.1,22.26,Onion
Indore,Sanwer,Rabi,28.75,43.11,86.7,22.71,45.76,7.98,28.64,Gram (Chickpea)
Indore,Hatod,Kharif,50.27,42.8,44.98,28.15,79.08,7.44,1096.43,Soybean
Indore,Mhow,Rabi,99.24,72.03,93.56,22.43,46.0,7.05,26.12,Potato
Indore,Depalpur,Rabi,26.73,79.44,54.51,18.7,46.18,7.24,34.84,Gram (Chickpea)
Indore,Mhow,Rabi,58.4,79.12,75.82,19.88,46.32,8.18,22.35,Wheat
Indore,Sanwer,Rabi,59.44,22.93,95.37,19.76,47.09,6.94,39.9,Onion
Indore,Indore,Rabi,109.85,73.72,55.66,22.64,47.29,7.18,18.17,Onion
Indore,Indore,Rabi,25.73,59.34,27.01,21.46,48.65,8.02,24.07,Gram (Chickpea)
Indore,Indore,Rabi,32.99,67.65,84.12,21.09,46.9,7.75,24.65,Potato
Indore,Mhow,Kharif,88.13,73.18,62.73,26.93,83.61,7.88,1104.83,Maize (Corn)
Indore,Sanwer,Kharif,22.86,57.28,37.92,23.97,73.88,6.8,1111.79,Soybean
Indore,Indore,Kharif,42.41,62.64,79.28,27.81,79.82,7.7,1087.54,Soybean
Indore,Sanwer,Kharif,35.8,64.08,45.57,25.13,77.23,7.58,946.05,Soybean
Indore,Sanwer,Rabi,46.8,20.18,76.04,19.96,47.25,7.32,26.25,Onion
Indore,Depalpur,Rabi,82.39,80.3,95.96,19.35,47.32,7.22,11.14,Potato
Indore,Depalpur,Rabi,69.05,65.64,77.01,18.06,50.74,7.62,20.28,Potato
Indore,Depalpur,Rabi,76.79,76.37,28.19,20.18,43.87,7.03,39.88,Wheat
Indore,Indore,Rabi,52.05,45.32,78.0,23.15,49.06,7.43,26.19,Potato
Indore,Indore,Kharif,59.89,76.16,56.0,26.0,79.17,7.63,1068.0,Maize (Corn)
Indore,Mhow,Rabi,100.69,81.72,72.41,21.84,48.45,7.02,33.38,Potato
Indore,Indore,Rabi,42.88,48.49,44.28,20.71,49.48,7.85,28.56,Gram (Chickpea)
Indore,Mhow,Kharif,29.98,46.35,51.58,25.67,78.1,7.65,1151.78,Soybean
Indore,Depalpur,Rabi,21.95,51.22,65.38,22.33,48.23,7.78,33.32,Potato
Indore,Mhow,Rabi,37.99,59.84,79.5,22.24,46.2,7.6,47.52,Potato
Indore,Hatod,Kharif,19.83,78.61,64.45,25.53,81.38,7.6,1157.71,Soybean
Indore,Hatod,Kharif,102.45,41.17,83.82,27.73,83.02,7.22,1082.61,Maize (Corn)
Indore,Sanwer,Rabi,44.76,54.33,21.99,18.69,48.53,8.18,24.13,Gram (Chickpea)
Indore,Sanwer,Rabi,103.21,38.4,85.06,16.32,52.17,8.15,22.46,Wheat
Indore,Mhow,Rabi,29.19,74.07,53.8,21.45,44.89,7.93,39.59,Gram (Chickpea)
Indore,Sanwer,Rabi,31.17,72.29,38.71,17.53,50.63,7.44,25.72,Gram (Chickpea)
Indore,Mhow,Rabi,63.66,21.43,99.64,22.07,50.22,6.99,26.61,Onion
Indore,Depalpur,Rabi,23.25,55.99,87.51,18.86,50.27,6.89,31.01,Potato
Indore,Indore,Kharif,64.05,33.98,23.37,28.03,80.86,7.49,1170.14,Maize (Corn)
Indore,Depalpur,Rabi,47.83,36.11,31.49,20.84,53.9,7.73,34.43,Gram (Chickpea)
Indore,Hatod,Kharif,61.77,49.52,50.67,26.88,80.29,7.29,1146.16,Maize (Corn)
Indore,Mhow,Rabi,94.7,77.5,87.68,21.5,52.15,7.8,22.74,Wheat
Indore,Hatod,Rabi,49.29,44.93,70.07,21.18,44.78,7.33,15.91,Gram (Chickpea)
Indore,Indore,Kharif,64.04,54.4,63.43,25.91,77.12,7.59,1164.21,Maize (Corn)
Indore,Mhow,Rabi,58.62,55.76,24.04,21.03,47.03,7.75,35.3,Wheat
Indore,Mhow,Rabi,49.58,79.97,87.51,19.37,51.63,6.91,32.93,Potato
Indore,Sanwer,Rabi,104.33,85.0,36.63,20.61,50.0,7.13,35.4,Wheat
Indore,Sanwer,Kharif,33.83,53.69,85.75,25.27,78.02,7.76,1106.28,Soybean
Indore,Sanwer,Kharif,65.06,56.62,96.55,25.87,75.78,7.47,994.32,Maize (Corn)
Indore,Sanwer,Kharif,71.98,32.07,91.38,25.48,74.75,6.8,1142.22,Maize (Corn)
Indore,Indore,Rabi,67.7,57.47,83.12,21.4,49.58,7.78,29.0,Potato
Indore,Mhow,Rabi,25.83,50.71,22.81,21.58,49.25,7.93,53.42,Gram (Chickpea)
Indore,Hatod,Rabi,36.07,61.08,45.23,20.54,53.62,7.57,36.11,Gram (Chickpea)
Indore,Hatod,Rabi,21.67,64.95,60.79,19.95,45.59,7.12,43.28,Potato
Indore,Mhow,Kharif,64.67,77.39,89.15,25.21,79.39,7.35,1196.64,Maize (Corn)
Indore,Indore,Kharif,47.14,45.5,29.86,25.31,77.97,7.56,1105.3,Soybean
Indore,Depalpur,Rabi,95.4,65.18,89.52,20.89,53.06,7.48,14.42,Potato
Indore,Sanwer,Rabi,72.64,15.46,96.56,18.72,53.86,7.47,33.14,Onion
Indore,Hatod,Rabi,33.5,82.95,34.75,21.72,43.32,7.76,18.71,Gram (Chickpea)
Indore,Mhow,Kharif,76.93,82.84,37.0,25.06,76.58,7.59,1225.72,Maize (Corn)
Indore,Mhow,Rabi,70.05,31.25,66.4,20.38,48.88,7.56,43.24,Onion
Indore,Sanwer,Rabi,17.14,51.0,28.29,19.48,47.35,7.37,27.81,Gram (Chickpea)
Indore,Depalpur,Rabi,18.19,68.73,73.84,23.16,50.89,7.04,17.2,Gram (Chickpea)
Indore,Depalpur,Rabi,43.07,52.46,64.3,19.87,42.75,7.47,42.66,Potato
Indore,Indore,Rabi,60.78,48.89,31.62,20.18,52.11,7.55,29.35,Wheat
Indore,Hatod,Rabi,25.42,41.97,67.01,19.27,50.55,7.14,25.57,Gram (Chickpea)
Indore,Mhow,Rabi,39.37,37.98,56.74,21.27,52.99,7.72,41.21,Gram (Chickpea)
Indore,Depalpur,Kharif,103.89,22.05,30.32,24.54,77.52,7.31,1115.57,Maize (Corn)
Indore,Indore,Kharif,46.45,73.72,20.0,27.46,77.72,6.8,1164.96,Maize (Corn)
Indore,Depalpur,Rabi,54.59,43.86,64.58,19.56,49.19,6.91,27.76,Onion
Indore,Hatod,Rabi,30.38,70.07,21.89,22.7,50.59,7.32,34.01,Gram (Chickpea)
Indore,Depalpur,Rabi,47.58,85.0,67.24,19.25,43.97,7.3,40.55,Potato
Indore,Sanwer,Rabi,83.6,66.46,77.75,18.4,52.7,7.78,39.58,Potato
Indore,Mhow,Rabi,73.23,52.31,83.38,22.08,54.16,7.61,31.22,Potato
Indore,Hatod,Rabi,19.24,18.68,69.17,21.94,50.18,6.91,36.96,Onion
Indore,Mhow,Rabi,48.77,26.5,72.18,18.52,49.71,7.17,29.7,Onion
Indore,Sanwer,Rabi,98.75,48.56,51.26,20.16,46.64,6.94,18.61,Potato
Indore,Sanwer,Kharif,32.03,51.98,92.22,27.75,72.63,7.15,1149.08,Soybean
Indore,Indore,Rabi,43.31,19.44,85.78,20.83,49.17,7.25,38.48,Onion
Indore,Mhow,Kharif,51.98,67.8,47.39,26.2,76.49,7.9,1064.6,Soybean
Indore,Indore,Rabi,62.02,49.21,81.11,19.01,44.91,6.97,32.32,Potato
Indore,Indore,Rabi,50.66,50.01,70.03,20.76,51.89,7.44,47.13,Potato
Indore,Sanwer,Kharif,110.0,77.23,35.29,25.75,82.08,6.97,1135.13,Maize (Corn)
Indore,Indore,Kharif,100.45,28.43,68.76,25.32,78.97,6.98,1148.31,Maize (Corn)
Indore,Indore,Kharif,27.97,63.27,36.53,27.19,80.53,7.01,1230.36,Soybean
Indore,Indore,Rabi,95.84,60.22,80.35,22.86,47.52,7.26,18.94,Potato
Indore,Hatod,Rabi,104.13,51.95,51.71,20.19,46.06,7.47,39.5,Wheat
Indore,Depalpur,Rabi,80.95,34.46,62.73,21.43,48.42,7.44,27.77,Onion
Indore,Mhow,Rabi,86.38,26.6,74.19,22.36,50.24,7.89,37.68,Onion
Indore,Sanwer,Kharif,50.8,23.45,38.41,24.08,81.9,7.2,1111.73,Maize (Corn)
Indore,Indore,Kharif,54.55,58.54,40.45,25.76,79.08,7.44,1102.61,Soybean
Indore,Sanwer,Kharif,92.7,31.85,96.91,25.05,83.32,7.63,1132.62,Maize (Corn)
Indore,Sanwer,Rabi,110.0,47.81,83.95,19.86,50.58,7.72,45.28,Wheat
Indore,Hatod,Kharif,27.79,62.04,81.78,25.27,79.88,6.96,1123.69,Soybean
Indore,Hatod,Rabi,26.28,37.18,94.07,19.78,45.95,7.51,30.61,Gram (Chickpea)
Indore,Depalpur,Rabi,18.76,80.61,53.33,21.7,47.33,7.4,25.48,Potato
Indore,Mhow,Rabi,92.81,67.64,53.76,19.93,47.41,7.49,35.21,Wheat
Indore,Sanwer,Rabi,75.2,21.48,77.28,21.52,47.03,6.91,33.9,Onion
Indore,Mhow,Rabi,39.56,64.53,87.53,21.08,46.87,6.9,31.46,Potato
Indore,Hatod,Rabi,104.46,60.81,73.15,19.71,45.14,7.06,42.52,Onion
Indore,Indore,Rabi,104.66,44.82,60.38,19.84,47.59,7.2,10.0,Onion
Indore,Mhow,Rabi,44.85,52.78,88.77,23.02,47.71,7.28,30.19,Onion
Indore,Indore,Rabi,33.86,57.15,63.14,21.59,46.14,8.05,33.13,Gram (Chickpea)
Indore,Mhow,Rabi,35.35,79.93,47.36,19.59,51.68,7.52,24.12,Gram (Chickpea)
Indore,Sanwer,Rabi,29.18,81.78,26.46,23.42,42.39,8.17,29.06,Gram (Chickpea)
Indore,Hatod,Rabi,19.99,45.61,100.0,22.27,49.47,7.09,34.66,Onion
Indore,Indore,Rabi,41.51,65.31,54.47,19.71,47.32,7.06,29.96,Gram (Chickpea)
Indore,Mhow,Rabi,97.48,64.57,58.71,21.94,50.58,8.11,18.59,Wheat
Indore,Indore,Kharif,42.58,66.84,82.04,25.31,78.97,7.95,1003.22,Soybean
Indore,Hatod,Rabi,70.29,52.43,56.61,21.21,49.93,7.17,40.34,Wheat
Indore,Indore,Kharif,29.55,67.81,81.29,27.96,79.74,6.93,1058.48,Soybean
Indore,Hatod,Kharif,99.41,66.31,54.93,25.9,76.13,6.89,1072.42,Maize (Corn)
Indore,Depalpur,Kharif,99.63,79.99,46.26,26.03,83.59,7.41,1067.35,Maize (Corn)
Indore,Mhow,Rabi,61.06,57.47,94.54,21.51,45.74,7.75,29.32,Potato
Indore,Hatod,Rabi,62.31,45.61,88.75,19.26,50.65,7.61,22.63,Wheat
Indore,Mhow,Rabi,70.5,61.89,67.29,22.49,48.47,6.9,55.35,Potato
Indore,Hatod,Rabi,40.38,68.17,24.02,18.14,47.04,7.28,33.16,Gram (Chickpea)
Indore,Mhow,Rabi,87.69,46.51,94.93,21.98,45.19,6.86,33.05,Potato
Indore,Sanwer,Kharif,81.45,49.12,58.68,26.75,76.81,7.46,1122.92,Maize (Corn)
Indore,Depalpur,Kharif,15.0,50.86,36.69,26.5,78.01,7.75,1103.66,Soybean
Indore,Depalpur,Rabi,102.77,78.2,93.79,17.48,48.55,7.35,37.82,Potato
Indore,Indore,Rabi,85.07,51.81,45.89,20.77,46.73,7.16,42.03,Wheat
Indore,Mhow,Rabi,38.55,48.05,76.07,22.86,53.75,6.82,30.41,Potato
Indore,Sanwer,Rabi,101.4,66.13,52.79,20.4,45.48,7.92,37.91,Wheat
Indore,Indore,Rabi,15.0,39.68,64.47,22.9,57.53,7.64,29.01,Gram (Chickpea)
Indore,Mhow,Kharif,107.77,19.07,41.53,26.68,79.63,7.03,1219.42,Maize (Corn)
Indore,Mhow,Rabi,23.77,38.27,91.87,20.04,41.93,7.47,35.33,Onion
Indore,Depalpur,Rabi,90.85,16.41,84.82,20.52,41.84,7.67,34.53,Onion
Indore,Sanwer,Rabi,17.98,75.85,100.0,19.82,52.48,7.04,45.97,Gram (Chickpea)
Indore,Indore,Rabi,58.64,44.34,26.67,22.03,45.92,7.23,33.42,Wheat
Indore,Hatod,Rabi,67.05,55.97,31.71,19.33,46.84,7.99,14.59,Wheat
Indore,Sanwer,Kharif,95.24,52.01,61.49,27.11,79.45,7.81,1114.21,Maize (Corn)
Indore,Depalpur,Rabi,39.48,62.0,27.57,20.08,46.81,8.08,35.74,Gram (Chickpea)
Indore,Hatod,Rabi,49.29,77.83,48.57,21.86,50.02,7.26,17.35,Gram (Chickpea)
Indore,Indore,Rabi,75.69,51.64,62.69,21.45,46.24,7.69,49.45,Potato
Indore,Hatod,Kharif,46.55,46.02,28.05,26.36,79.44,7.29,1077.89,Soybean
Indore,Hatod,Rabi,27.38,67.68,97.06,20.05,53.05,7.77,35.87,Gram (Chickpea)
Indore,Indore,Rabi,46.61,69.09,52.5,21.44,43.14,7.86,35.58,Gram (Chickpea)
Indore,Indore,Rabi,33.69,15.0,97.15,23.26,49.7,7.47,37.05,Onion
Indore,Depalpur,Rabi,32.52,81.5,26.16,19.94,48.37,7.57,37.87,Gram (Chickpea)
Indore,Depalpur,Kharif,91.95,49.16,41.02,26.43,79.66,7.8,1107.98,Maize (Corn)
Indore,Depalpur,Rabi,15.59,72.19,21.08,22.24,51.0,7.1,29.43,Gram (Chickpea)
Indore,Indore,Rabi,33.77,24.62,56.38,22.41,51.41,7.93,27.88,Onion
Indore,Depalpur,Rabi,38.74,83.09,94.11,21.07,43.75,7.33,32.11,Gram (Chickpea)
Indore,Mhow,Kharif,59.76,79.13,84.22,27.84,78.85,7.62,1074.85,Soybean
Indore,Mhow,Rabi,62.53,60.07,84.01,23.14,52.93,7.98,27.61,Wheat
Indore,Indore,Rabi,68.54,84.01,32.19,22.37,43.32,7.19,40.55,Wheat
Indore,Indore,Kharif,41.82,71.53,40.71,27.63,76.81,7.08,1166.85,Soybean
Indore,Depalpur,Rabi,59.0,41.93,24.2,21.75,50.35,8.06,16.94,Wheat
Indore,Sanwer,Rabi,59.06,59.87,51.99,19.4,52.66,7.99,28.08,Wheat
Indore,Mhow,Rabi,34.12,60.45,31.28,21.28,47.97,7.67,22.29,Gram (Chickpea)
Indore,Indore,Rabi,41.92,62.55,76.45,21.41,52.72,7.84,33.97,Gram (Chickpea)
Indore,Depalpur,Kharif,107.5,58.26,77.16,27.15,81.02,7.14,1022.25,Maize (Corn)
Indore,Depalpur,Rabi,76.96,57.95,30.78,17.95,45.5,8.19,29.52,Wheat
Indore,Mhow,Rabi,83.48,55.64,72.79,20.87,47.95,7.96,36.11,Onion
Indore,Mhow,Rabi,32.27,24.29,57.74,19.35,48.82,7.14,20.5,Onion
Indore,Sanwer,Kharif,35.38,48.7,53.82,25.95,79.58,7.07,1083.48,Soybean
Indore,Depalpur,Kharif,109.34,83.76,34.28,28.15,74.07,7.33,1082.59,Maize (Corn)
Indore,Hatod,Rabi,21.6,41.79,54.76,20.37,50.6,6.95,29.7,Onion
Indore,Indore,Rabi,60.09,24.52,94.83,20.94,48.3,7.53,24.52,Onion
Indore,Sanwer,Kharif,26.36,79.0,24.49,26.82,77.29,7.9,1118.99,Soybean
Indore,Sanwer,Kharif,95.29,25.78,42.5,26.85,77.09,7.57,1091.05,Maize (Corn)
Indore,Hatod,Kharif,64.21,32.26,99.92,26.66,81.29,6.98,1127.3,Maize (Corn)
Indore,Depalpur,Kharif,16.94,50.79,43.87,25.82,75.49,7.97,1235.69,Soybean
Indore,Sanwer,Kharif,48.18,69.66,70.52,27.36,77.37,7.35,1158.02,Soybean
Indore,Sanwer,Kharif,56.94,38.18,79.25,25.38,78.64,7.16,1134.65,Maize (Corn)
Indore,Hatod,Rabi,57.17,44.13,77.6,21.24,52.84,8.04,27.16,Wheat
Indore,Hatod,Rabi,59.56,84.44,74.69,21.24,46.56,6.9,10.0,Potato
Indore,Indore,Rabi,42.0,64.19,96.07,20.65,49.57,7.27,26.68,Gram (Chickpea)
Indore,Indore,Rabi,89.42,58.81,48.56,21.42,51.69,7.86,38.99,Wheat
Indore,Indore,Kharif,107.3,50.64,78.75,27.95,76.2,6.87,1110.8,Maize (Corn)
Indore,Depalpur,Kharif,101.82,36.3,98.31,27.2,81.4,7.53,1067.04,Maize (Corn)
Indore,Indore,Rabi,56.25,78.26,66.79,21.95,49.83,7.96,45.91,Wheat
Indore,Mhow,Kharif,106.76,76.26,79.47,28.17,74.13,6.97,1110.96,Maize (Corn)
Indore,Depalpur,Kharif,60.47,42.48,23.87,26.51,82.2,6.85,1125.01,Maize (Corn)
Indore,Mhow,Rabi,31.59,46.6,48.32,21.03,48.62,7.79,24.41,Gram (Chickpea)
Indore,Mhow,Rabi,86.48,63.98,56.39,22.17,54.72,7.16,41.78,Potato
Indore,Sanwer,Kharif,46.69,33.4,92.71,27.62,76.34,7.57,1118.11,Maize (Corn)
Indore,Indore,Kharif,33.31,78.73,30.72,25.89,75.78,7.02,1218.75,Soybean
Indore,Sanwer,Kharif,19.97,53.81,20.0,26.01,78.91,7.99,1046.44,Soybean
Indore,Hatod,Kharif,49.49,46.56,64.8,27.08,76.92,6.83,1073.3,Soybean
Indore,Mhow,Rabi,96.72,84.12,83.01,19.63,57.99,7.54,32.11,Onion
Indore,Sanwer,Rabi,35.29,85.0,65.46,19.64,50.75,7.6,25.44,Gram (Chickpea)
Indore,Indore,Kharif,70.46,56.75,70.01,28.28,79.87,7.32,1186.91,Maize (Corn)
Indore,Sanwer,Kharif,46.76,59.14,52.22,25.98,81.19,6.98,1145.34,Soybean
Indore,Indore,Rabi,94.01,79.18,46.74,19.63,48.18,7.81,26.08,Wheat
Indore,Sanwer,Rabi,53.24,78.81,54.31,20.79,47.06,7.23,32.99,Onion
Indore,Hatod,Kharif,46.75,57.68,85.62,27.37,75.99,6.8,1218.46,Soybean
Indore,Mhow,Kharif,99.9,31.26,65.39,25.35,78.15,7.18,1151.77,Maize (Corn)
Indore,Depalpur,Kharif,47.18,38.81,61.05,27.88,83.35,7.59,1105.98,Maize (Corn)
Indore,Hatod,Rabi,80.99,26.8,79.78,18.65,43.52,7.79,20.93,Onion
Indore,Indore,Rabi,23.18,41.03,80.92,23.72,49.99,6.89,21.67,Onion
Indore,Depalpur,Rabi,56.35,61.86,54.5,20.27,44.11,7.09,29.6,Onion
Indore,Sanwer,Kharif,59.92,53.4,80.62,27.97,84.47,6.92,1238.56,Maize (Corn)
Indore,Indore,Rabi,74.27,69.03,91.23,21.62,45.01,6.8,33.08,Potato
Indore,Indore,Rabi,88.83,46.86,68.96,20.35,45.04,7.9,28.45,Onion
Indore,Indore,Kharif,78.88,25.23,98.39,28.17,80.29,7.28,1157.88,Maize (Corn)
Indore,Depalpur,Rabi,55.26,63.23,38.69,19.34,47.39,7.14,37.88,Wheat
Indore,Hatod,Rabi,85.58,79.59,71.88,22.1,50.24,7.53,28.07,Potato
Indore,Mhow,Kharif,32.69,51.32,33.26,25.84,77.09,7.91,1105.41,Soybean
Indore,Sanwer,Rabi,78.22,22.92,81.96,20.38,44.24,7.28,36.64,Onion
Indore,Hatod,Kharif,55.16,30.45,33.15,26.36,76.77,7.72,1147.99,Maize (Corn)
Indore,Sanwer,Rabi,40.19,65.85,76.32,18.96,46.52,7.16,33.65,Gram (Chickpea)
Indore,Depalpur,Rabi,96.93,64.18,39.61,19.04,48.12,7.42,32.89,Wheat
Indore,Depalpur,Kharif,49.3,22.85,60.25,24.67,83.03,7.7,1179.44,Maize (Corn)
Indore,Indore,Rabi,83.44,54.96,69.59,19.78,51.36,7.41,34.17,Onion
Indore,Indore,Kharif,22.38,40.65,28.64,27.79,74.97,7.57,1140.29,Soybean
Indore,Mhow,Rabi,38.63,67.68,72.54,21.74,48.03,7.19,18.42,Onion
Indore,Depalpur,Rabi,86.97,30.69,75.68,18.96,46.97,7.35,40.73,Onion
Indore,Mhow,Kharif,54.65,66.2,53.05,26.01,75.87,7.35,1188.69,Soybean
Indore,Sanwer,Rabi,99.55,23.42,77.36,20.84,48.27,7.68,23.57,Onion
Indore,Hatod,Kharif,59.3,67.69,90.97,26.68,76.94,7.01,1169.71,Soybean
Indore,Hatod,Rabi,55.43,48.23,46.15,20.97,50.95,7.52,25.32,Wheat
Indore,Sanwer,Rabi,92.5,81.83,79.74,20.96,44.57,7.5,42.14,Onion
Indore,Depalpur,Rabi,104.57,41.75,92.44,20.68,48.85,7.63,15.92,Wheat
Indore,Indore,Rabi,50.74,34.43,55.03,22.63,47.27,7.41,24.32,Onion
Indore,Indore,Rabi,43.92,84.98,58.71,21.6,48.04,8.2,33.32,Gram (Chickpea)
Indore,Indore,Rabi,85.74,24.92,65.85,21.27,50.0,7.77,28.73,Onion
Indore,Mhow,Rabi,45.42,58.71,75.22,20.63,51.8,7.39,33.84,Potato
Indore,Indore,Rabi,64.76,40.58,88.97,22.12,46.94,7.04,40.59,Wheat
Indore,Hatod,Kharif,39.75,45.03,48.08,26.96,83.16,6.8,1059.61,Soybean
Indore,Mhow,Rabi,85.75,59.21,82.72,23.27,52.19,8.01,30.66,Wheat
Indore,Hatod,Rabi,30.91,85.0,69.22,20.92,44.12,6.97,33.61,Onion
Indore,Hatod,Kharif,43.4,80.67,94.23,24.26,83.61,7.45,1114.33,Soybean
Indore,Mhow,Kharif,53.54,62.06,67.32,26.23,77.58,6.98,1112.57,Maize (Corn)
Indore,Depalpur,Rabi,24.79,47.99,60.88,18.64,51.93,8.02,32.11,Gram (Chickpea)
Indore,Sanwer,Rabi,27.57,62.18,85.15,20.3,45.0,6.92,28.27,Onion
Indore,Sanwer,Rabi,44.01,40.87,93.53,19.91,49.69,7.36,26.22,Gram (Chickpea)
Indore,Depalpur,Kharif,107.14,62.76,53.58,25.4,74.72,7.66,1082.37,Maize (Corn)
Indore,Sanwer,Rabi,30.15,76.15,76.22,20.09,54.79,7.69,27.19,Potato
Indore,Depalpur,Rabi,95.82,85.0,35.06,19.32,49.95,7.57,40.74,Wheat
Indore,Sanwer,Rabi,35.93,73.73,58.85,22.19,51.62,7.73,23.94,Potato
Indore,Indore,Rabi,88.84,75.24,54.54,21.44,48.9,7.5,39.62,Potato
Indore,Hatod,Kharif,22.87,63.15,51.3,24.54,80.1,7.89,1091.34,Soybean
Indore,Sanwer,Rabi,42.8,47.7,87.43,21.07,50.21,6.87,24.24,Onion
Indore,Hatod,Kharif,27.42,43.11,41.95,26.83,79.69,7.3,1248.18,Soybean
Indore,Sanwer,Rabi,19.93,63.14,69.99,19.54,46.88,8.02,34.8,Gram (Chickpea)
Indore,Indore,Rabi,102.39,42.52,51.51,22.66,46.28,7.64,30.09,Wheat
Indore,Sanwer,Rabi,106.99,59.66,91.91,20.25,44.6,7.24,31.9,Potato
Indore,Indore,Rabi,22.55,49.81,64.93,20.7,45.18,7.89,35.83,Gram (Chickpea)
Indore,Sanwer,Kharif,57.02,48.83,94.05,24.54,73.25,7.99,1132.49,Soybean
Indore,Sanwer,Rabi,70.13,64.69,75.81,21.12,46.48,7.22,28.93,Potato
Indore,Mhow,Rabi,108.72,37.82,72.02,21.57,51.09,7.35,15.47,Wheat
Indore,Sanwer,Kharif,45.36,29.2,20.0,26.71,75.57,6.97,1155.6,Maize (Corn)
Indore,Mhow,Rabi,24.18,83.11,91.09,23.0,50.76,7.74,29.28,Gram (Chickpea)
Indore,Indore,Kharif,30.92,52.18,95.07,26.02,81.69,6.8,1161.58,Soybean
Indore,Sanwer,Kharif,43.49,61.84,66.99,24.85,84.49,7.42,1052.01,Soybean
Indore,Depalpur,Kharif,83.96,70.07,51.56,26.76,90.32,6.91,1135.32,Maize (Corn)
Indore,Sanwer,Kharif,80.72,61.07,97.55,25.26,83.73,7.43,1098.69,Maize (Corn)
Indore,Sanwer,Rabi,50.93,42.42,65.24,21.2,46.64,7.08,26.99,Onion
Indore,Indore,Rabi,90.67,52.36,30.36,21.46,49.0,7.59,32.21,Wheat
Indore,Depalpur,Rabi,51.88,84.41,67.63,19.51,48.83,7.67,26.56,Potato
Indore,Sanwer,Rabi,40.17,64.24,61.61,20.82,52.52,7.54,35.87,Gram (Chickpea)
Indore,Indore,Rabi,103.8,83.29,25.79,21.49,52.59,7.21,41.98,Wheat
Indore,Mhow,Rabi,51.35,16.41,95.79,22.79,48.76,7.56,37.34,Onion
Indore,Sanwer,Rabi,96.12,74.09,67.0,22.9,48.04,7.29,39.97,Potato
Indore,Hatod,Rabi,47.29,68.12,63.94,21.34,45.72,6.87,31.9,Potato
Indore,Mhow,Rabi,109.92,28.92,75.01,23.09,52.81,7.01,37.76,Onion
Indore,Sanwer,Kharif,21.84,49.17,93.6,23.97,74.93,7.07,1148.96,Soybean
Indore,Hatod,Kharif,65.26,50.03,94.39,26.98,73.13,6.88,1162.73,Maize (Corn)
Indore,Depalpur,Rabi,64.84,77.23,74.39,20.41,52.75,6.96,31.0,Potato
Indore,Indore,Rabi,40.14,46.56,58.17,21.21,49.35,8.0,34.25,Onion
Indore,Mhow,Rabi,67.1,70.96,82.31,21.65,45.03,7.31,17.13,Onion
Indore,Indore,Kharif,51.93,21.51,68.05,27.72,78.01,7.78,1139.54,Maize (Corn)
Indore,Hatod,Rabi,86.0,39.11,56.69,18.54,42.04,7.59,29.62,Wheat
Indore,Mhow,Kharif,108.17,68.46,41.01,28.39,71.25,7.33,1117.2,Maize (Corn)
Indore,Hatod,Rabi,47.54,68.44,90.41,19.21,45.46,7.38,34.82,Gram (Chickpea)
Indore,Mhow,Rabi,18.4,40.43,97.22,23.57,53.16,7.52,28.27,Onion
Indore,Depalpur,Rabi,105.08,33.32,91.78,19.12,47.33,7.59,42.0,Onion
Indore,Mhow,Rabi,27.8,27.98,57.42,19.75,49.1,7.52,31.73,Onion
Indore,Sanwer,Rabi,59.39,57.79,25.22,18.85,47.36,7.42,41.8,Wheat
Indore,Sanwer,Rabi,26.13,58.76,25.84,19.61,47.82,7.95,31.3,Gram (Chickpea)
Indore,Sanwer,Rabi,80.43,71.61,25.9,22.83,45.3,7.57,20.96,Wheat
Indore,Mhow,Rabi,99.52,68.55,79.68,22.05,52.29,7.46,40.8,Potato
Indore,Indore,Kharif,100.11,52.91,94.16,25.66,82.84,7.75,1183.72,Maize (Corn)
Indore,Sanwer,Rabi,15.0,36.99,69.09,21.82,46.81,7.05,26.31,Gram (Chickpea)
Indore,Mhow,Kharif,69.68,33.93,56.78,26.35,82.29,7.16,1178.08,Maize (Corn)
Indore,Sanwer,Kharif,28.22,41.83,24.07,26.39,76.0,7.64,1177.86,Soybean
Indore,Hatod,Rabi,77.58,47.63,69.78,17.99,44.91,7.4,35.81,Potato
Indore,Hatod,Kharif,79.56,76.71,24.13,26.11,82.13,7.28,1101.23,Maize (Corn)
Indore,Hatod,Rabi,35.41,60.29,57.39,20.41,44.58,7.25,17.62,Gram (Chickpea)
Indore,Sanwer,Rabi,98.64,73.63,95.06,21.14,43.85,7.69,35.14,Potato
Indore,Hatod,Kharif,28.93,59.04,73.76,26.64,77.03,7.59,1149.28,Soybean
Indore,Depalpur,Kharif,99.78,33.14,85.48,23.94,81.81,7.12,1051.31,Maize (Corn)
Indore,Indore,Rabi,77.14,77.62,77.23,19.38,45.83,6.9,24.82,Potato
Indore,Depalpur,Kharif,109.2,22.79,50.72,27.43,78.82,7.39,1195.18,Maize (Corn)
Indore,Sanwer,Rabi,92.33,67.82,68.54,20.74,47.31,7.04,34.64,Potato
Indore,Sanwer,Kharif,56.43,66.76,85.34,27.15,76.1,7.92,1030.62,Soybean
Indore,Hatod,Rabi,31.5,45.13,26.14,21.27,46.97,7.68,39.46,Gram (Chickpea)
Indore,Hatod,Rabi,16.99,61.87,42.98,21.08,49.56,7.34,29.19,Gram (Chickpea)
Indore,Mhow,Rabi,88.24,55.24,64.39,18.31,48.96,7.47,32.42,Potato
Indore,Depalpur,Rabi,73.76,37.34,59.68,19.84,50.36,7.95,21.44,Onion
Indore,Mhow,Rabi,95.84,84.17,67.14,21.42,46.44,7.86,21.28,Wheat
Indore,Indore,Kharif,58.33,16.78,93.97,26.24,74.28,7.14,1149.41,Maize (Corn)
Indore,Sanwer,Rabi,30.48,51.38,75.94,20.83,47.76,8.03,38.56,Gram (Chickpea)
Indore,Hatod,Rabi,80.57,82.5,61.39,21.01,45.29,7.11,16.89,Wheat
Indore,Indore,Rabi,105.67,45.45,39.35,21.51,43.6,7.58,17.42,Wheat
Indore,Hatod,Rabi,97.62,73.81,77.42,20.28,47.37,7.9,38.24,Wheat
Indore,Sanwer,Rabi,22.88,72.98,40.63,21.27,51.67,8.13,30.35,Gram (Chickpea)
Indore,Hatod,Rabi,24.28,78.75,56.38,21.24,46.74,7.34,31.24,Gram (Chickpea)
Indore,Sanwer,Rabi,76.6,76.75,74.4,20.42,54.86,7.42,35.73,Potato
Indore,Indore,Rabi,36.62,82.2,32.95,21.34,54.8,7.6,38.45,Gram (Chickpea)
